Partic,Session,Token,Group,Duration,I-min,I-max,RI,RI%,MaxRisingVelocity,WMRV,Spectral,Category
1,1,13,Experimental,0.017328,61.88846566,77.77681692,15.88835126,0.256725564,919.3043545,11.81977344,Stripe/Burst,tap
1,1,16,Experimental,0.018095,59.38376872,67.50580354,8.122034819,0.136771966,293.196599,4.34327989,Stripe/Burst,tap
1,1,23,Experimental,0.02837,55.88479567,66.94805568,11.06326002,0.197965473,755.0379976,11.27796752,Whitening,tap
1,1,32,Experimental,0.013019208,66.05757104,75.50823583,9.450664792,0.143067095,209.8373093,2.778998966,Continuous,approximant
1,1,37,Experimental,0.02017,59.94862211,71.97089449,12.02227238,0.200542931,660.6553693,9.17947976,Whitening,tap
1,1,38,Experimental,0.033501,53.75482556,77.5133425,23.75851694,0.44197924,1056.46915,13.62951352,Whitening,approximant
1,1,43,Experimental,0.013653245,65.61115494,75.22856896,9.617414022,0.146581996,583.9776197,7.762710733,Whitening,tap
1,1,44,Experimental,0.021126,55.83988703,78.00427339,22.16438636,0.396927493,838.7176547,10.75220136,Whitening,tap
1,2,1,Experimental,0.077778748,31.33980093,61.88994092,30.55014,0.974803256,1372.902598,22.18296831,Stripe/Burst,stop
1,2,2,Experimental,0.078636027,41.34424645,60.80834053,19.46409408,0.470781203,1383.782935,22.75646602,Whitening,approximant
1,2,3,Experimental,0.044608234,39.36874711,62.2117201,22.84297299,0.580231139,1281.062567,20.59198114,Whitening,approximant
1,2,4,Experimental,0.075062315,33.91655017,58.5935269,24.67697673,0.727579209,1120.7194,19.12701726,Stripe/Burst,stop
1,2,5,Experimental,0.059573529,26.8509099,60.20956533,33.35865543,1.242365922,1232.226588,20.46562836,Stripe/Burst,stop
1,5,12,Experimental,0.025633373,39.87997877,53.42961144,13.54963268,0.339760278,615.1363313,11.51302274,Continuous,approximant
1,5,21,Experimental,0.02301162,44.06070745,73.29038971,29.22968226,0.663395664,1108.715864,15.12771141,Stripe/Burst,tap
1,5,22,Experimental,0.026347,49.67095918,66.2355243,16.56456513,0.333485912,898.6761762,13.56788801,Whitening,tap
1,5,23,Experimental,0.026667,66.72751803,75.91559751,9.188079476,0.137695508,547.3099367,7.209453059,Whitening,tap
1,5,25,Experimental,0.012068815,64.41316005,78.97428304,14.56112299,0.2260582,572.8532048,7.253667684,Whitening,tap
1,5,29,Experimental,0.043305548,28.69357411,55.96642126,27.27284715,0.950486233,1123.652513,20.07726219,Whitening,approximant
1,5,30,Experimental,0.012695295,63.72076993,68.75170349,5.030933559,0.078952806,292.2247806,4.250436946,Stripe/Burst,tap
1,5,33,Experimental,0.009875703,74.8759068,79.76062735,4.884720551,0.065237548,322.8335787,4.047530585,Whitening,tap
1,5,41,Experimental,0.038709045,46.13727063,72.50644702,26.36917639,0.571537415,1406.519921,19.39854976,Continuous,approximant
1,5,44,Experimental,0.011772808,71.2437516,74.81665494,3.572903337,0.05015041,365.3364319,4.883089631,Whitening,tap
1,6,3,Experimental,0.023835,68.32592046,76.25859237,7.932671912,0.116100476,223.7197721,2.933699209,Whitening,tap
1,6,11,Experimental,0.019675718,65.86762232,75.02082944,9.153207122,0.138963679,277.0150194,3.692508087,Whitening,tap
1,6,27,Experimental,0.020539,68.18801645,77.15120502,8.963188579,0.13144815,394.6298304,5.115018362,Whitening,tap
1,6,36,Experimental,0.034268085,63.36347632,77.2474408,13.88396448,0.219116205,435.4196255,5.636686743,Whitening,approximant
1,6,37,Experimental,0.037918605,70.73866269,80.14435439,9.405691704,0.132963946,142.1840581,1.774099488,Continuous,approximant
1,6,62,Experimental,0.020710945,71.99047407,84.18027043,12.18979636,0.16932513,330.1860798,3.922368961,Continuous,approximant
1,6,66,Experimental,0.02591,65.76775046,82.3224014,16.55465094,0.251713808,510.0570638,6.19584773,Stripe/Burst,tap
3,1,13,Comparison,0.026479589,54.63256206,74.22136852,19.58880646,0.358555516,728.2198227,9.811457768,Stripe/Burst,tap
3,1,16,Comparison,0.023692335,57.29638341,76.43950415,19.14312074,0.334106965,564.5296875,7.38531331,Whitening,tap
3,1,23,Comparison,0.04903219,51.95907063,73.40537287,21.44630224,0.412753769,778.2933009,10.60267485,Stripe/Burst,stop
3,1,32,Comparison,0.03902267,46.05658124,81.90673398,35.85015274,0.778393701,1103.489796,13.47251614,Stripe/Burst,stop
3,1,37,Comparison,0.028678,54.14598689,72.3857152,18.23972831,0.336862053,981.8468423,13.56409672,Stripe/Burst,tap
3,1,38,Comparison,0.055366413,50.24491308,73.5850553,23.34014222,0.464527467,735.5593941,9.996043233,Stripe/Burst,stop
3,1,43,Comparison,0.022464,50.67917797,76.40273894,25.72356097,0.507576523,1079.705211,14.13176054,Stripe/Burst,tap
3,1,44,Comparison,0.034843673,43.05283028,73.96595076,30.91312048,0.718027602,852.0848126,11.51996025,Stripe/Burst,stop
3,2,1,Comparison,0.056032025,35.54555341,65.39132938,29.84577597,0.839648651,1051.110487,16.07415687,Stripe/Burst,stop
3,2,2,Comparison,0.024744,53.08081332,65.13549372,12.05468041,0.227100522,743.2427598,11.41071814,Stripe/Burst,tap
3,2,3,Comparison,0.02959,53.52578603,71.83102773,18.3052417,0.341989218,919.0240586,12.79424905,Stripe/Burst,tap
3,2,4,Comparison,0.029585781,50.00815764,69.76307718,19.75491953,0.39503394,846.2457238,12.13028092,Stripe/Burst,tap
3,2,5,Comparison,0.054674829,34.93741723,66.19826715,31.26084992,0.894767055,1496.244458,22.60247167,Stripe/Burst,stop
3,5,11,Comparison,0.043888616,40.84932869,60.45752356,19.60819487,0.480012659,1014.870924,16.78651165,Stripe/Burst,stop
3,5,12,Comparison,0.040205811,35.67616939,59.71186654,24.03569715,0.673718551,1701.850243,28.5010391,Stripe/Burst,stop
3,5,21,Comparison,0.044249818,31.44551097,51.0513775,19.60586652,0.623486975,1687.459191,33.05413632,Stripe/Burst,stop
3,5,22,Comparison,0.019545,33.53195518,47.67545012,14.14349494,0.421791538,544.385298,11.41856651,Continuous,approximant
3,5,23,Comparison,0.038107832,37.80117677,59.92694796,22.12577119,0.58531964,1550.82816,25.87864412,Stripe/Burst,stop
3,5,25,Comparison,0.044484716,35.50107085,62.57302976,27.0719589,0.762567389,1239.427046,19.80768792,Stripe/Burst,stop
3,5,29,Comparison,0.031106613,38.29321512,62.93866353,24.64544842,0.643598307,1085.571042,17.24807903,Stripe/Burst,stop
3,5,30,Comparison,0.032868757,43.61285298,50.52247676,6.909623782,0.158430905,764.268846,15.12730363,Stripe/Burst,stop
3,5,33,Comparison,0.053085088,32.60889003,52.89746468,20.28857465,0.622179247,958.5172076,18.12028636,Stripe/Burst,stop
3,5,41,Comparison,0.048137623,31.8475114,59.08817347,27.24066207,0.855346646,1551.978645,26.26546995,Stripe/Burst,stop
3,5,44,Comparison,0.041436097,38.75516192,58.51224817,19.75708625,0.509792381,1274.037554,21.77386093,Stripe/Burst,stop
3,6,3,Comparison,0.046900695,53.24116072,63.61212386,10.37096314,0.194792206,835.2721561,13.13070694,Stripe/Burst,stop
3,6,11,Comparison,0.023426679,43.89724435,65.56916031,21.67191596,0.493696502,715.0693802,10.90557477,Stripe/Burst,tap
3,6,27,Comparison,0.028574217,44.92755188,63.48306487,18.55551298,0.413009661,575.0912143,9.058970537,Stripe/Burst,tap
3,6,37,Comparison,0.014672154,48.970675,69.71994201,20.74926701,0.423708005,583.3573967,8.367152637,Whitening,tap
3,6,62,Comparison,0.041733002,37.11736774,63.56496134,26.4475936,0.712539579,1379.183821,21.69723369,Stripe/Burst,stop
3,6,66,Comparison,0.043846898,32.55717274,67.33746176,34.78028902,1.068283456,1256.7361,18.66325322,Stripe/Burst,stop
6,1,13,Control,0.010407945,69.03422364,79.98692524,10.9527016,0.158656113,725.213086,9.066645378,Whitening,tap
6,1,16,Control,0.012907123,67.44691235,68.53413106,1.08721871,0.016119622,88.02511289,1.284398175,Whitening,tap
6,1,23,Control,0.023697,64.12147481,68.69234856,4.570873755,0.071284601,1289.30515,18.76926873,Whitening,tap
6,1,32,Control,0.016740474,66.7340916,78.26924036,11.53514876,0.172852413,394.3654608,5.038575294,Whitening,tap
6,1,38,Control,0.019915353,66.44760026,72.46782154,6.020221278,0.090601034,177.5615445,2.450212256,Continuous,approximant
6,1,43,Control,0.021933,58.78564024,69.34024515,10.55460491,0.179543931,404.6521356,5.835747115,Whitening,tap
6,1,44,Control,0.016191559,64.70120715,69.31202552,4.610818372,0.071263251,175.8159457,2.536586463,Whitening,tap
6,5,11,Control,0.014921619,59.46979739,68.99385321,9.524055821,0.160149458,438.2500356,6.352015654,Whitening,tap
6,5,12,Control,0.049427832,44.37500364,71.73404905,27.35904541,0.616541818,1077.10708,15.01528345,Stripe/Burst,stop
6,5,21,Control,0.011176096,59.38786271,62.19311852,2.805255818,0.047236181,158.4960768,2.548450384,Whitening,tap
6,5,23,Control,0.010779153,59.80985924,63.85004536,4.040186123,0.067550504,198.2554128,3.105016005,Whitening,tap
6,5,25,Control,0.044329533,54.10966377,69.5400245,15.43036073,0.285168298,583.983366,8.397802133,Stripe/Burst,stop
6,5,29,Control,0.0252656,56.17161257,67.39970104,11.22808847,0.199889018,574.9714981,8.530772233,Stripe/Burst,tap
6,5,30,Control,0.026007,53.77323872,65.49025892,11.7170202,0.217896866,364.1328056,5.560106367,Stripe/Burst,tap
6,5,33,Control,0.023113,57.05356894,64.67047253,7.616903588,0.133504419,315.1565148,4.873267544,Whitening,tap
6,5,41,Control,0.016981887,54.3956893,61.96997594,7.574286636,0.139244244,401.6688288,6.481668304,Whitening,tap
6,5,44,Control,0.016139702,64.33432774,72.17357141,7.839243671,0.121851645,218.7145386,3.030396506,Whitening,tap
6,6,3,Control,0.026553,64.12679313,70.06764149,5.940848353,0.092642218,156.2261969,2.229648288,Whitening,tap
6,6,11,Control,0.022699,61.03389679,64.54160602,3.507709231,0.057471494,209.2207565,3.241641623,Whitening,tap
6,6,27,Control,0.021512,60.72943119,64.69556493,3.966133737,0.065308264,176.0174571,2.720703611,Whitening,tap
6,6,36,Control,0.014395029,59.60395197,62.46773726,2.863785288,0.048046903,64.34008149,1.02997298,Whitening,tap
6,6,37,Control,0.018708227,58.21950388,65.18961125,6.970107374,0.119721174,306.7638447,4.705716736,Continuous,approximant
6,6,62,Control,0.015885746,59.31617323,60.75457954,1.438406303,0.024249816,81.99725213,1.349647265,Continuous,approximant
7,1,13,Comparison,0.015693874,76.31003828,81.85717019,5.547131902,0.072692034,213.4330507,2.607383693,Whitening,tap
7,1,16,Comparison,0.013533354,74.65374029,79.44521383,4.791473544,0.064182632,402.0823566,5.061127502,Whitening,tap
7,1,23,Comparison,0.023,52.28044112,71.44578655,19.16534543,0.366587294,666.4141467,9.327550005,Stripe/Burst,tap
7,1,32,Comparison,0.021964,62.5846994,83.11182295,20.52712355,0.327989489,586.0344056,7.051155717,Stripe/Burst,tap
7,1,37,Comparison,0.029241,62.95981551,75.12513557,12.16532006,0.193223566,458.7859263,6.106956385,Whitening,tap
7,1,38,Comparison,0.032697562,57.62618857,77.01131484,19.38512627,0.336394385,720.572699,9.356712068,Stripe/Burst,stop
7,1,43,Comparison,0.022165,66.37731117,75.12726581,8.74995464,0.131821469,351.3072225,4.676161427,Stripe/Burst,tap
7,1,44,Comparison,0.013587278,71.81376717,78.0992376,6.285470436,0.087524589,326.990041,4.186853176,Whitening,tap
7,2,1,Comparison,0.067625342,45.22209559,84.39013827,39.16804268,0.866126219,1429.790811,16.94262909,Whitening,approximant
7,2,2,Comparison,0.06067849,55.97757732,78.83287248,22.85529517,0.408293754,1122.228522,14.23554016,Whitening,approximant
7,2,3,Comparison,0.042093915,55.81280292,80.82194052,25.0091376,0.448089619,1160.383125,14.3572787,Whitening,approximant
7,2,4,Comparison,0.04842429,59.26850026,76.66815357,17.39965332,0.293573369,705.4744258,9.201661876,Whitening,approximant
7,2,5,Comparison,0.049164768,50.98508262,82.29219704,31.30711443,0.614044595,1211.870645,14.72643444,Whitening,approximant
7,5,11,Comparison,0.022697,59.05785125,81.13156939,22.07371814,0.373764329,742.9260278,9.157052345,Stripe/Burst,tap
7,5,12,Comparison,0.028552,56.17107704,72.65076915,16.4796921,0.293383944,629.0818147,8.658983548,Whitening,tap
7,5,21,Comparison,0.051305,55.30356273,81.78107196,26.47750922,0.47876679,1330.858167,16.27342532,Whitening,approximant
7,5,22,Comparison,0.032748078,67.2132308,75.07605514,7.862824346,0.116983282,365.9019843,4.873750806,Stripe/Burst,stop
7,5,25,Comparison,0.019386846,63.27979343,78.99581123,15.7160178,0.248357603,575.4629284,7.284727119,Whitening,tap
7,5,29,Comparison,0.019195927,71.9658341,74.10081528,2.134981181,0.029666594,121.187497,1.635440805,Whitening,tap
7,5,30,Comparison,0.02521,64.7635489,78.60800984,13.84446094,0.213769337,603.3477516,7.675397874,Whitening,tap
7,5,33,Comparison,0.022526,64.89352572,82.34958767,17.45606195,0.268995431,952.736317,11.56941211,Whitening,tap
7,5,41,Comparison,0.043798144,43.12129935,79.59265396,36.47135461,0.845785149,1519.135308,19.08637584,Whitening,approximant
7,5,44,Comparison,0.03237949,71.90803161,84.09106647,12.18303486,0.169425231,421.9716176,5.018031467,Continuous,approximant
7,6,3,Comparison,0.071197932,51.03193439,79.78144657,28.74951218,0.563363167,892.4657636,11.18638232,Stripe/Burst,stop
7,6,11,Comparison,0.029665,59.5146729,71.48393512,11.96926222,0.201114475,508.0960539,7.107835531,Whitening,tap
7,6,27,Comparison,0.0518971,52.3794107,73.13285306,20.75344236,0.396213743,601.1563051,8.220058153,Stripe/Burst,stop
7,6,36,Comparison,0.026044,59.55799095,76.03208841,16.47409746,0.276605997,410.8919864,5.404191769,Whitening,tap
7,6,37,Comparison,0.042824898,59.66039604,70.79022128,11.12982524,0.18655299,403.2327605,5.696164713,Stripe/Burst,stop
7,6,62,Comparison,0.038862083,51.59618769,73.67620746,22.08001977,0.427938977,772.8556283,10.48989429,Stripe/Burst,stop
7,6,66,Comparison,0.029873591,51.0229009,71.84542097,20.82252006,0.408101454,722.938791,10.06241986,Stripe/Burst,tap
8,1,13,Experimental,0.011841905,60.66467491,78.97268035,18.30800544,0.301790218,862.8535036,10.92597465,Whitening,tap
8,1,16,Experimental,0.009099159,66.8069684,71.57644583,4.769477425,0.071391915,226.2743684,3.16129651,Whitening,tap
8,1,23,Experimental,0.025025,66.07857327,71.79041908,5.711845809,0.086440211,453.7891039,6.321025978,Whitening,tap
8,1,32,Experimental,0.01176028,51.44173946,72.42613199,20.98439253,0.407925407,844.0572886,11.65404344,Whitening,tap
8,1,37,Experimental,0.028626,49.38804815,63.44781027,14.05976212,0.284679445,759.8354488,11.97575528,Stripe/Burst,tap
8,1,38,Experimental,0.007834323,60.44480161,68.54604357,8.101241961,0.134027108,278.9006316,4.068807142,Whitening,tap
8,1,43,Experimental,0.022401,57.53389231,68.22026279,10.68637048,0.18574044,522.3425105,7.656706221,Whitening,tap
8,1,44,Experimental,0.025603,50.21147244,61.69846828,11.48699584,0.228772336,647.7969333,10.49940057,Whitening,tap
8,2,1,Experimental,0.044668435,48.48017089,64.57718086,16.09700997,0.332032864,274.6271926,4.252697144,Continuous,approximant
8,2,2,Experimental,0.044870942,60.3550699,60.07487131,-0.280198592,-0.004642503,0,0,Continuous,approximant
8,2,3,Experimental,0.047239202,63.85874986,63.66438701,-0.19436285,-0.003043637,12.14556755,0.190774908,Continuous,approximant
8,2,4,Experimental,0.04581666,59.99502895,60.77460908,0.779580127,0.012994079,50.73930871,0.83487676,Continuous,approximant
8,2,5,Experimental,0.033886855,48.47830043,59.50540661,11.02710617,0.227464785,299.6079046,5.034969453,Continuous,approximant
8,5,12,Experimental,0.022500495,61.44275746,60.7922942,-0.650463259,-0.010586492,71.80075652,1.181083186,Whitening,tap
8,5,21,Experimental,0.048861891,63.1573167,65.70380168,2.546484982,0.040319715,106.2591654,1.617245314,Continuous,approximant
8,5,22,Experimental,0.053793048,37.07972724,54.8777012,17.79797395,0.479992041,904.1176194,16.47513652,Stripe/Burst,stop
8,5,23,Experimental,0.021777,52.48373437,61.55263834,9.068903966,0.172794563,411.0540024,6.678089087,Stripe/Burst,tap
8,5,25,Experimental,0.049396617,47.73609115,67.46978601,19.73369486,0.413391511,931.6176321,13.80792333,Whitening,approximant
8,5,29,Experimental,0.013527884,59.40874367,63.15398595,3.745242283,0.063041937,288.7474397,4.572117426,Continuous,approximant
8,5,30,Experimental,0.014668142,54.68030313,65.48513523,10.8048321,0.197600077,643.1645643,9.821535254,Whitening,tap
8,5,33,Experimental,0.037937333,45.78024604,63.44971558,17.66946954,0.385962748,875.0173458,13.79072133,Stripe/Burst,stop
8,5,44,Experimental,0.01896,50.74345739,58.98971629,8.246258896,0.16250881,286.4928885,4.856658186,Stripe/Burst,tap
8,6,3,Experimental,0.01874184,52.6775109,60.43376021,7.756249303,0.147240239,164.2304089,2.717527559,Stripe/Burst,tap
8,6,27,Experimental,0.013620468,61.05798509,65.28472315,4.226738055,0.069224984,174.4857522,2.672688858,Whitening,tap
8,6,36,Experimental,0.050861663,45.06310533,59.16694242,14.10383709,0.312979698,422.3147108,7.137680156,Stripe/Burst,stop
8,6,37,Experimental,0.018355038,59.14580785,68.62244053,9.476632682,0.160224926,157.8340199,2.300035072,Continuous,approximant
8,6,62,Experimental,0.033714,51.93594672,56.05283815,4.11689143,0.079268632,162.2358563,2.894337944,Whitening,approximant
8,6,66,Experimental,0.029483037,54.48604181,60.62422607,6.13818426,0.112656087,205.5610359,3.390740785,Whitening,tap
11,1,13,Experimental,0.02785071,74.12970953,78.05702281,3.927313281,0.052978938,149.7563549,1.918550689,Continuous,approximant
11,1,16,Experimental,0.021414356,69.59989512,75.76232437,6.162429255,0.088540784,270.1294548,3.565485312,Continuous,approximant
11,1,23,Experimental,0.0242,58.98343293,69.34763922,10.36420629,0.175713853,692.652816,9.988123948,Whitening,tap
11,1,32,Experimental,0.026195,64.01410774,66.16292387,2.148816122,0.033567852,142.5895697,2.155127999,Whitening,tap
11,1,38,Experimental,0.021417459,51.73688926,66.30990795,14.57301869,0.281675588,522.4397115,7.878757905,Stripe/Burst,tap
11,5,11,Experimental,0.051126023,53.89331023,69.02609624,15.13278602,0.280791548,448.0930569,6.491647091,Whitening,approximant
11,5,12,Experimental,0.021775059,58.29469034,69.61079537,11.31610503,0.194118966,695.22029,9.987248188,Whitening,tap
11,5,21,Experimental,0.047632941,45.29430133,68.01530294,22.7210016,0.501630469,1121.417131,16.48771795,Whitening,approximant
11,5,22,Experimental,0.023296,41.98363663,54.98395704,13.00032041,0.30965208,760.6945428,13.83484536,Whitening,tap
11,5,23,Experimental,0.027218823,79.29415332,80.53026903,1.23611571,0.015588989,45.31545655,0.562713339,Continuous,approximant
11,5,25,Experimental,0.039331199,66.86041751,71.59387273,4.733455219,0.070796076,162.7601614,2.27338116,Whitening,approximant
11,5,29,Experimental,0.03538447,53.76520365,69.59848294,15.83327929,0.294489339,744.9693706,10.70381622,Whitening,approximant
11,5,30,Experimental,0.036246399,68.03229178,74.1988268,6.166535024,0.090641295,419.8115361,5.657926874,Whitening,approximant
11,5,33,Experimental,0.027714494,67.44695952,73.36470246,5.917742938,0.08773921,248.6351039,3.389028995,Whitening,tap
11,5,41,Experimental,0.043277929,55.69590091,70.19805152,14.50215061,0.260380932,240.5121221,3.426193703,Continuous,approximant
11,5,44,Experimental,0.022863811,71.8458264,78.40166,6.555833591,0.091248635,159.0687408,2.028895061,Continuous,approximant
11,6,3,Experimental,0.015364563,64.89999196,72.97076589,8.07077393,0.124357087,278.0886309,3.810959465,Continuous,approximant
11,6,11,Experimental,0.038363699,70.14527063,75.07472695,4.929456317,0.070274963,121.3669802,1.616615672,Continuous,approximant
11,6,27,Experimental,0.015033626,71.72790298,75.43453769,3.706634717,0.051676329,135.1193408,1.791213215,Continuous,approximant
11,6,36,Experimental,0.034044601,56.9132395,69.46633399,12.55309449,0.220565454,263.4678588,3.792741658,Continuous,approximant
11,6,37,Experimental,0.024903574,66.65269264,75.49397535,8.84128271,0.132647045,320.273221,4.242367944,Continuous,approximant
12,1,13,Experimental,0.013275032,80.71875813,86.25035879,5.531600667,0.068529308,418.7008422,4.854482324,Whitening,tap
12,1,16,Experimental,0.027898,68.51111503,85.67189347,17.16077844,0.250481669,754.5326056,8.807236249,Whitening,tap
12,1,23,Experimental,0.028855,50.9250498,75.13383029,24.20878049,0.475380595,1227.016048,16.33107275,Whitening,tap
12,1,32,Experimental,0.023003,56.43694909,80.90558859,24.4686395,0.433557091,1548.047434,19.13399878,Stripe/Burst,tap
12,1,38,Experimental,0.026624,51.71527455,82.43754613,30.72227158,0.594065716,1139.096778,13.8176939,Stripe/Burst,tap
12,1,43,Experimental,0.021259,68.26641033,84.54146377,16.27505345,0.238404998,1117.415791,13.21736981,Whitening,tap
12,1,44,Experimental,0.025286,58.5700268,72.63119215,14.06116534,0.240074422,457.6823989,6.301457892,Stripe/Burst,tap
12,2,1,Experimental,0.088561604,24.47479724,68.78885901,44.31406177,1.81059975,2437.993623,35.441693,Stripe/Burst,stop
12,2,2,Experimental,0.09754425,38.03497893,67.41363543,29.3786565,0.772411536,1501.31349,22.27017547,Stripe/Burst,stop
12,2,3,Experimental,0.067917189,42.355719,72.83739248,30.48167347,0.719658979,1452.87962,19.94689225,Stripe/Burst,stop
12,2,4,Experimental,0.075866067,37.19124507,68.81349355,31.62224848,0.85026055,1343.611373,19.52540561,Stripe/Burst,stop
12,2,5,Experimental,0.067916547,33.05262773,65.36430117,32.31167343,0.97758259,1942.660838,29.72051721,Stripe/Burst,stop
12,5,11,Experimental,0.070270915,39.46463638,68.67203357,29.20739719,0.740090366,1781.167808,25.93730977,Stripe/Burst,stop
12,5,12,Experimental,0.064074811,42.19971449,67.76308639,25.5633719,0.605771205,2022.599287,29.84809864,Stripe/Burst,stop
12,5,21,Experimental,0.019678968,62.43059007,65.87552482,3.444934745,0.055180237,145.8781021,2.214450702,Whitening,tap
12,5,22,Experimental,0.043274457,27.66626699,64.12207256,36.45580557,1.317698755,1956.688551,30.51505469,Stripe/Burst,stop
12,5,23,Experimental,0.019660281,60.01425674,81.41335617,21.39909943,0.356566932,785.6565818,9.650217346,Whitening,tap
12,5,25,Experimental,0.0172,51.91668841,71.94593058,20.02924217,0.385795835,1199.276043,16.66912963,Continuous,approximant
12,5,29,Experimental,0.062189032,40.64908176,68.05039105,27.40130929,0.674094176,1409.733461,20.71602292,Stripe/Burst,stop
12,5,30,Experimental,0.039755507,49.85080131,75.23534029,25.38453899,0.50921025,1090.846039,14.4991175,Stripe/Burst,stop
12,5,33,Experimental,0.056014563,49.78803804,73.6477967,23.85975866,0.47922673,1043.104379,14.16341596,Stripe/Burst,stop
12,5,41,Experimental,0.053857767,34.21222642,68.91940369,34.70717727,1.014467075,1731.933601,25.1298402,Stripe/Burst,stop
12,5,44,Experimental,0.01579213,64.71887306,79.35575205,14.63687899,0.226160906,532.3525906,6.708431044,Whitening,tap
12,6,3,Experimental,0.024443,66.72664383,76.24827914,9.521635311,0.142696152,374.9790077,4.917868468,Whitening,tap
12,6,11,Experimental,0.026359,66.30300968,74.71513129,8.412121612,0.126873903,210.5667951,2.818261729,Whitening,tap
12,6,27,Experimental,0.024846,59.03173424,70.46354497,11.43181073,0.193655343,438.8171166,6.227576497,Whitening,tap
12,6,36,Experimental,0.025163,59.77831782,72.15690251,12.37858468,0.207074825,356.4073325,4.939338027,Whitening,tap
12,6,37,Experimental,0.018476767,53.46981625,68.7727705,15.30295425,0.286197996,433.4634247,6.302834997,Continuous,approximant
12,6,62,Experimental,0.042423996,42.01778201,66.62964561,24.6118636,0.585748758,847.15802,12.71443083,Stripe/Burst,stop
12,6,66,Experimental,0.014704955,61.1200731,64.24189388,3.121820787,0.05107685,87.86307467,1.367691227,Continuous,approximant
13,1,13,Experimental,0.029062,51.07283216,62.78265824,11.70982607,0.229277007,511.4761032,8.146773608,Stripe/Burst,tap
13,1,16,Experimental,0.027602,48.74412134,58.0296313,9.285509955,0.190494971,606.6372887,10.45392285,Stripe/Burst,tap
13,1,23,Experimental,0.035740734,47.08150976,63.29852489,16.21701513,0.344445521,807.9866244,12.76469911,Whitening,approximant
13,1,32,Experimental,0.025898,39.85841562,58.92167748,19.06326186,0.478274451,877.7956614,14.89766923,Stripe/Burst,tap
13,1,37,Experimental,0.028183,43.32491882,60.89077902,17.56586021,0.405444734,738.0542913,12.12095334,Stripe/Burst,tap
13,1,38,Experimental,0.019317532,44.23834571,48.98604103,4.74769532,0.107320815,272.8399174,5.569748272,Whitening,tap
13,1,43,Experimental,0.016414997,58.84254501,66.86522038,8.022675364,0.136341407,671.4788515,10.04227381,Whitening,tap
13,1,44,Experimental,0.020781821,41.77787636,55.15427746,13.37640109,0.320179058,644.6095607,11.68739018,Stripe/Burst,tap
13,2,1,Experimental,0.055759496,40.49604476,76.39290142,35.89685666,0.886428709,1129.783621,14.78911784,Whitening,approximant
13,2,2,Experimental,0.052802232,46.25555781,70.65161765,24.39605984,0.527418996,1068.002872,15.11646736,Whitening,approximant
13,2,3,Experimental,0.057240933,52.45757494,73.75925009,21.30167515,0.406074341,805.3314352,10.91837884,Continuous,approximant
13,2,4,Experimental,0.037802139,57.67423587,73.32712962,15.65289374,0.27140184,733.8226395,10.00751895,Continuous,approximant
13,2,5,Experimental,0.046240047,42.26872525,77.34776581,35.07904056,0.829905334,1074.11612,13.88684093,Whitening,approximant
13,5,11,Experimental,0.024995,60.64007578,76.75429582,16.11422003,0.265735486,1041.507412,13.56936965,Whitening,tap
13,5,12,Experimental,0.042876303,53.2738744,79.06089505,25.78702065,0.484046279,1486.979678,18.8080299,Stripe/Burst,stop
13,5,21,Experimental,0.030839987,52.86766378,76.65166265,23.78399888,0.449878001,1425.629744,18.59881045,Stripe/Burst,stop
13,5,23,Experimental,0.023462,62.76278353,81.37371274,18.61092921,0.296528104,1181.572621,14.52032334,Stripe/Burst,tap
13,5,25,Experimental,0.044472081,50.01244869,78.52962903,28.51718034,0.570201642,1877.482526,23.90795104,Whitening,approximant
13,5,29,Experimental,0.012148,60.68343268,80.68576972,20.00233704,0.329617758,1186.588746,14.70629518,Whitening,tap
13,5,30,Experimental,0.028443,59.96784948,75.9336462,15.96579672,0.266239274,856.1306415,11.27472055,Whitening,tap
13,5,33,Experimental,0.026992,47.91317103,71.88778644,23.97461541,0.500376304,1179.145302,16.40258186,Stripe/Burst,tap
13,5,41,Experimental,0.02733,49.42007483,80.04699027,30.62691544,0.619726205,1104.850612,13.80252534,Whitening,tap
13,5,44,Experimental,0.0223,58.11697533,80.68530107,22.56832573,0.388325882,965.5592335,11.96697813,Whitening,tap
13,6,3,Experimental,0.019817343,60.77521228,78.47056633,17.69535404,0.291160711,580.531853,7.398084151,Stripe/Burst,tap
13,6,11,Experimental,0.028113,62.83810637,78.40515353,15.56704716,0.247732595,499.2598342,6.367691558,Stripe/Burst,tap
13,6,27,Experimental,0.026016,63.59159623,75.04266871,11.45107248,0.180072103,467.9882483,6.236295382,Whitening,tap
13,6,36,Experimental,0.044951465,51.11738124,78.1699073,27.05252606,0.52922363,1060.282349,13.5638174,Stripe/Burst,stop
13,6,37,Experimental,0.029576163,66.87620961,74.56958194,7.693372333,0.115039001,221.0659376,2.964559166,Continuous,approximant
13,6,62,Experimental,0.027738321,53.7301821,74.22991811,20.49973601,0.38153111,742.1280225,9.99769421,Stripe/Burst,tap
13,6,66,Experimental,0.028770919,61.1322674,75.28874619,14.15647879,0.231571303,474.7705165,6.30599579,Whitening,tap
14,1,13,Comparison,0.016784118,51.6925912,61.15070788,9.458116683,0.182968516,494.7894448,8.091311809,Stripe/Burst,tap
14,1,16,Comparison,0.022082,53.59902938,60.10913818,6.510108799,0.121459453,312.7236685,5.202597775,Stripe/Burst,tap
14,1,23,Comparison,0.018740798,49.01499461,49.84612751,0.831132899,0.016956707,76.54288189,1.535583318,Whitening,tap
14,1,32,Comparison,0.024244977,46.19930598,55.72068669,9.521380705,0.206093587,398.9143953,7.159179453,Stripe/Burst,tap
14,1,37,Comparison,0.011654636,53.62767789,56.6513283,3.02365041,0.056382274,164.6157894,2.905771044,Whitening,tap
14,1,38,Comparison,0.025252,43.22062815,55.34730419,12.12667605,0.280576118,451.743266,8.161974148,Stripe/Burst,tap
14,1,43,Comparison,0.013126935,55.96949838,59.25969271,3.290194327,0.058785489,308.4557182,5.205152172,Stripe/Burst,tap
14,1,44,Comparison,0.020514,48.18012829,52.4449569,4.264828607,0.088518415,239.8411993,4.57319852,Stripe/Burst,tap
14,2,1,Comparison,0.064534699,38.37099985,58.72363322,20.35263337,0.530417072,885.0631172,15.07166823,Continuous,approximant
14,2,2,Comparison,0.068861342,44.20482578,58.63579204,14.43096626,0.326456807,1015.748068,17.32300414,Continuous,approximant
14,2,3,Comparison,0.065464062,48.96113444,65.2065663,16.24543186,0.331802603,578.0919028,8.865547376,Continuous,approximant
14,2,4,Comparison,0.067073636,46.19297995,61.42016436,15.2271844,0.329642825,869.8390104,14.16210815,Whitening,approximant
14,2,5,Comparison,0.057551556,42.00984998,57.61030577,15.60045579,0.371352333,772.1056761,13.40221451,Continuous,approximant
14,5,11,Comparison,0.019679311,54.73417833,71.38293099,16.64875266,0.304174707,1000.670494,14.01834416,Whitening,tap
14,5,12,Comparison,0.0134,54.47822634,62.7255184,8.247292062,0.151386942,257.9881814,4.112970095,Stripe/Burst,tap
14,5,21,Comparison,0.013944593,55.43983773,67.32459623,11.8847585,0.214372173,776.7948942,11.538055,Stripe/Burst,tap
14,5,22,Comparison,0.024375817,51.6546591,69.85143809,18.19677898,0.352277593,755.764155,10.81959335,Stripe/Burst,tap
14,5,23,Comparison,0.015632,62.49641676,73.23618641,10.73976965,0.171846167,508.4125628,6.94209499,Whitening,tap
14,5,25,Comparison,0.017178169,56.27776328,74.93028521,18.65252194,0.331436803,1107.652712,14.78244355,Stripe/Burst,tap
14,5,29,Comparison,0.021931,53.45603088,68.07206712,14.61603624,0.273421651,604.5827137,8.881509543,Stripe/Burst,tap
14,5,30,Comparison,0.025575669,46.90970321,65.31930767,18.40960446,0.392447686,838.24688,12.83306437,Whitening,tap
14,5,33,Comparison,0.04929818,46.97337657,68.21960228,21.2462257,0.452303565,857.396717,12.56818698,Stripe/Burst,stop
14,5,41,Comparison,0.011143693,52.96339379,69.23976484,16.27637105,0.307313597,505.8932729,7.306397908,Whitening,tap
14,5,44,Comparison,0.012992,57.66832224,70.97490278,13.30658053,0.230743327,434.4129183,6.120655349,Whitening,tap
14,6,3,Comparison,0.039810857,50.83592589,69.00660802,18.17068213,0.357437812,719.8279331,10.4312899,Stripe/Burst,stop
14,6,11,Comparison,0.035721007,57.13956311,72.09014061,14.9505775,0.261650189,572.6699715,7.943804335,Stripe/Burst,stop
14,6,27,Comparison,0.024644,63.32361514,72.47326624,9.149651101,0.144490347,335.8158632,4.633651561,Whitening,tap
14,6,36,Comparison,0.034280616,54.98002586,76.51227583,21.53224998,0.391637684,573.8165281,7.499666189,Stripe/Burst,stop
14,6,37,Comparison,0.019720619,60.21409082,69.26687218,9.052781362,0.150343238,330.6365899,4.773372602,Stripe/Burst,tap
14,6,62,Comparison,0.030268454,54.00480924,70.51497648,16.51016724,0.305716611,432.8871028,6.138938484,Stripe/Burst,stop
14,6,66,Comparison,0.019319271,54.6147883,68.95012501,14.33533671,0.262480862,426.121582,6.180142269,Stripe/Burst,tap
16,1,13,Comparison,0.024143,81.6439325,82.4056311,0.761698602,0.009329519,67.09708972,0.814229426,Whitening,tap
16,1,16,Comparison,0.025222,71.52740904,79.71655313,8.189144092,0.114489595,365.8597032,4.589507309,Whitening,tap
16,1,23,Comparison,0.023231,73.55628912,78.21122886,4.654939739,0.063284048,383.8094476,4.907344549,Whitening,tap
16,1,32,Comparison,0.010663751,72.09384899,77.82743749,5.733588496,0.07952951,210.5753573,2.705669929,Continuous,approximant
16,1,37,Comparison,0.018875059,72.82094121,80.14968211,7.328740902,0.100640568,387.3898349,4.833329649,Whitening,tap
16,1,38,Comparison,0.02561,72.70229996,83.67429271,10.97199276,0.150916722,487.7746112,5.829444091,Whitening,tap
16,1,43,Comparison,0.024563,68.55066016,77.11424792,8.563587765,0.124923491,387.2645214,5.021958093,Stripe/Burst,tap
16,1,44,Comparison,0.028896,59.59204128,73.82985858,14.23781729,0.238921456,501.803645,6.7967575,Whitening,tap
16,2,1,Comparison,0.055961353,67.34782915,83.34024398,15.99241484,0.23745999,245.7400159,2.948635667,Continuous,approximant
16,2,2,Comparison,0.049183896,59.15565585,78.6642166,19.50856075,0.329783526,1145.401088,14.56063681,Stripe/Burst,stop
16,2,3,Comparison,0.037018068,75.40035259,80.64123387,5.240881276,0.069507384,302.9440084,3.756688655,Continuous,approximant
16,2,4,Comparison,0.042942363,57.75634403,72.24868876,14.49234473,0.250922128,734.0675956,10.16028952,Continuous,approximant
16,2,5,Comparison,0.057955665,56.71915771,81.04052389,24.32136619,0.428803374,350.3006253,4.322536535,Continuous,approximant
16,5,11,Comparison,0.006335675,67.02797925,70.97645097,3.948471729,0.058907814,255.8586949,3.60483923,Whitening,tap
16,5,12,Comparison,0.020981,56.64175609,69.50522958,12.8634735,0.227102307,1216.903647,17.50808758,Whitening,tap
16,5,21,Comparison,0.019808278,58.77885108,71.75685872,12.97800764,0.22079383,771.7521534,10.75509947,Whitening,tap
16,5,22,Comparison,0.040435825,36.52537008,73.29624421,36.77087413,1.006721467,1770.078656,24.14965017,Stripe/Burst,stop
16,5,23,Comparison,0.01163563,66.23043493,79.8239635,13.59352858,0.205245951,987.8605306,12.37548835,Whitening,tap
16,5,25,Comparison,0.024031,65.44085012,81.10376517,15.66291505,0.239344615,894.3373311,11.02707537,Whitening,tap
16,5,29,Comparison,0.024848525,55.53548616,73.50151059,17.96602443,0.323505306,1013.706525,13.79164206,Stripe/Burst,tap
16,5,30,Comparison,0.019101,62.21595646,81.00945373,18.79349727,0.302068767,1129.044483,13.93719413,Whitening,tap
16,5,33,Comparison,0.028624,48.88691068,67.05394894,18.16703826,0.371613547,563.4695716,8.40322726,Whitening,tap
16,5,41,Comparison,0.023725,49.10529594,81.11420359,32.00890765,0.651842272,1750.356336,21.57891293,Whitening,tap
16,5,44,Comparison,0.024155,82.58296373,85.86600351,3.283039781,0.039754444,227.1142856,2.644984934,Whitening,tap
16,6,3,Comparison,0.021404,68.55840856,72.57092018,4.012511621,0.058526907,351.6934267,4.846203216,Stripe/Burst,tap
16,6,11,Comparison,0.018746589,71.21390508,77.27499963,6.061094545,0.085111111,381.6891412,4.939361282,Stripe/Burst,tap
16,6,27,Comparison,0.026239,75.61621132,83.43732989,7.821118569,0.10343177,424.3706067,5.086100038,Whitening,tap
16,6,36,Comparison,0.015424601,74.5619834,82.23313808,7.671154681,0.102882921,273.6717582,3.327998476,Continuous,approximant
16,6,37,Comparison,0.026737,62.41700999,79.93071878,17.51370879,0.280591922,767.3273466,9.599905498,Stripe/Burst,tap
16,6,62,Comparison,0.024175,66.64898354,82.08422234,15.43523881,0.231590011,444.2759171,5.412439863,Stripe/Burst,tap
16,6,66,Comparison,0.012484616,70.88256968,80.44557385,9.563004173,0.134913339,206.3531873,2.565127918,Whitening,tap
17,1,13,Control,0.02979002,50.12018816,72.03373831,21.91355015,0.43722003,713.0154572,9.898354216,Stripe/Burst,tap
17,1,16,Control,0.023258,48.93625538,65.25098015,16.31472478,0.333387274,756.7190861,11.59705317,Whitening,tap
17,1,23,Control,0.036685102,30.43659539,56.47677608,26.04018069,0.855554978,2101.37136,37.20770741,Stripe/Burst,stop
17,1,32,Control,0.028904808,39.94004052,68.67071976,28.73067924,0.71934527,1505.825984,21.92821029,Stripe/Burst,tap
17,1,37,Control,0.019691305,48.88488272,56.99593089,8.111048169,0.1659214,447.4846434,7.851168257,Whitening,tap
17,1,38,Control,0.028013,45.23924414,60.36807299,15.12882885,0.33441825,740.3267681,12.26354812,Whitening,tap
17,1,43,Control,0.024886,56.68626639,68.36706891,11.68080251,0.206060537,842.5171529,12.32343534,Whitening,tap
17,1,44,Control,0.027172,43.96069906,58.43179877,14.47109971,0.329182657,1123.401876,19.22586502,Stripe/Burst,tap
17,5,11,Control,0.025252,48.88824138,72.18177992,23.29353855,0.476465054,909.511286,12.60028898,Stripe/Burst,tap
17,5,12,Control,0.029373,43.23937527,60.96345352,17.72407826,0.409905975,640.0464814,10.49885537,Stripe/Burst,tap
17,5,21,Control,0.025821,45.38161159,63.95951371,18.57790212,0.4093707,718.4130301,11.23230913,Stripe/Burst,tap
17,5,23,Control,0.024186,56.52483401,64.46925175,7.944417747,0.140547388,421.1402886,6.532420916,Stripe/Burst,tap
17,5,29,Control,0.019105086,43.12484489,64.04565168,20.92080679,0.485121902,472.1301246,7.371774854,Whitening,tap
17,5,30,Control,0.012662666,55.39243455,60.41679268,5.024358132,0.090704772,244.355478,4.044496028,Whitening,tap
17,5,33,Control,0.028497,52.77093884,67.01404511,14.24310626,0.269904356,505.7392322,7.546764733,Whitening,tap
17,5,41,Control,0.024879618,45.04170603,67.4877438,22.44603778,0.498338979,823.5634047,12.2031551,Stripe/Burst,tap
17,5,44,Control,0.024545,56.73174502,65.30913139,8.577386375,0.151192007,277.0723496,4.242474883,Whitening,tap
17,6,3,Control,0.027120713,51.74227427,68.48150408,16.73922981,0.323511675,775.8877513,11.32988771,Stripe/Burst,tap
17,6,11,Control,0.024377,62.34505541,71.47019463,9.125139227,0.146365083,477.5367513,6.681620971,Whitening,tap
17,6,27,Control,0.028795,50.68034102,62.33082079,11.65047976,0.229881637,456.4786308,7.323481787,Stripe/Burst,tap
17,6,36,Control,0.027361,49.31767453,65.51380905,16.19613451,0.328404262,420.4086425,6.417099671,Stripe/Burst,tap
17,6,37,Control,0.018689952,51.22093425,65.2938259,14.07289164,0.274748828,397.5649704,6.088860086,Whitening,tap
17,6,62,Control,0.024187,49.54433724,65.36239299,15.81805575,0.31927071,437.8657116,6.699046524,Whitening,tap
17,6,66,Control,0.02282,37.42028799,59.01847008,21.59818209,0.577178404,624.0457881,10.57373712,Stripe/Burst,tap
18,1,13,Comparison,0.015905772,66.81726765,71.8842649,5.066997247,0.075833649,253.1948624,3.5222571,Whitening,tap
18,1,16,Comparison,0.024708,60.41157258,69.91602525,9.504452666,0.157328344,474.1187903,6.781260643,Stripe/Burst,tap
18,1,23,Comparison,0.026512,59.34227497,69.68732455,10.34504958,0.174328497,418.6181303,6.007091433,Whitening,tap
18,1,32,Comparison,0.023267,54.88605628,65.98822705,11.10217078,0.202276708,335.8294132,5.08923225,Whitening,tap
18,1,37,Comparison,0.014785305,60.33684211,70.90398869,10.56714658,0.175135891,488.0087728,6.882670239,Whitening,tap
18,1,38,Comparison,0.011405351,63.34961288,66.53513847,3.185525588,0.050284847,164.1923402,2.467753791,Whitening,tap
18,1,44,Comparison,0.015293703,60.02893004,64.00550806,3.976578022,0.06624436,191.4304025,2.990842637,Whitening,tap
18,2,1,Comparison,0.055814342,40.80825323,69.98541125,29.17715802,0.714981792,959.0916692,13.70416566,Whitening,approximant
18,2,2,Comparison,0.018626,47.12510527,58.90325884,11.77815357,0.249933735,911.8851739,15.48106492,Continuous,approximant
18,2,3,Comparison,0.01427,48.28338581,64.3061503,16.02276449,0.331848403,774.7713948,12.04816944,Continuous,approximant
18,2,4,Comparison,0.071742513,35.37819319,54.7941309,19.41593771,0.54881089,1504.524885,27.45777442,Whitening,approximant
18,2,5,Comparison,0.046001492,48.20449167,65.72059491,17.51610324,0.36337077,366.0779345,5.570216383,Continuous,approximant
18,5,11,Comparison,0.031277913,40.63338464,60.78316697,20.14978234,0.495892295,1253.957191,20.63000751,Stripe/Burst,stop
18,5,12,Comparison,0.033915544,48.66042483,58.21716921,9.556744381,0.196396649,722.1247216,12.40398204,Stripe/Burst,stop
18,5,21,Comparison,0.029523,40.85538611,59.92416547,19.06877936,0.466738444,1215.415879,20.28256663,Whitening,tap
18,5,23,Comparison,0.018395526,60.65885398,69.81325863,9.154404647,0.150916215,521.5809834,7.471087779,Stripe/Burst,tap
18,5,25,Comparison,0.014205,48.71027975,58.357156,9.646876245,0.198046004,838.5905424,14.36996934,Whitening,tap
18,5,29,Comparison,0.021852,52.2079831,65.54795512,13.33997202,0.255515943,826.0244775,12.60183443,Whitening,tap
18,5,30,Comparison,0.019127018,46.80924301,70.37405822,23.56481521,0.503422267,1152.788325,16.38087037,Whitening,tap
18,5,33,Comparison,0.014899,51.46777849,68.38965175,16.92187326,0.328785772,1060.327864,15.50421499,Whitening,tap
18,5,41,Comparison,0.045941503,34.5401141,64.85942592,30.31931181,0.87779999,1428.867233,22.03021709,Stripe/Burst,stop
18,5,44,Comparison,0.014846,46.19973721,63.7719848,17.57224759,0.380353843,1281.446264,20.09418819,Stripe/Burst,tap
18,6,3,Comparison,0.044221015,42.3318769,61.16523481,18.8333579,0.444897776,617.9336796,10.10269447,Stripe/Burst,stop
18,6,11,Comparison,0.01468585,56.27783327,61.68153562,5.403702355,0.096018308,268.6549843,4.355517119,Whitening,tap
18,6,27,Comparison,0.025481,51.96639039,61.33214432,9.365753927,0.18022714,471.1971851,7.682711739,Whitening,tap
18,6,36,Comparison,0.031176496,48.21331924,59.57228886,11.35896963,0.235598167,544.2689015,9.136276478,Stripe/Burst,stop
18,6,37,Comparison,0.032143813,51.98880029,60.5962096,8.607409302,0.165562761,334.9068485,5.526861345,Stripe/Burst,stop
18,6,62,Comparison,0.014315699,53.31127964,65.82380331,12.51252367,0.234706872,405.8063928,6.165040189,Stripe/Burst,tap
18,6,66,Comparison,0.027023,53.18744487,59.72046823,6.533023364,0.122830179,262.9887671,4.403662176,Stripe/Burst,tap
28,1,13,Experimental,0.028809,53.3481027,68.81840161,15.47029891,0.2899878,506.7316071,7.363315556,Stripe/Burst,tap
28,1,16,Experimental,0.015832794,54.80667918,67.37377464,12.56709546,0.229298612,457.8776773,6.796081705,Whitening,tap
28,1,23,Experimental,0.024096,52.43236341,60.03057865,7.59821524,0.144914605,455.1241945,7.581539354,Stripe/Burst,tap
28,1,32,Experimental,0.02317,54.01986373,63.9328195,9.912955773,0.183505753,548.9347063,8.586117594,Whitening,tap
28,1,37,Experimental,0.015943791,61.53816439,67.00070603,5.462541637,0.08876673,208.3447732,3.109590713,Whitening,tap
28,1,38,Experimental,0.025692,55.07492682,64.91983503,9.844908208,0.178754812,580.9166998,8.948215896,Stripe/Burst,tap
28,1,43,Experimental,0.016740642,64.14891502,65.84140031,1.692485286,0.026383693,158.3114985,2.404436991,Whitening,tap
28,1,44,Experimental,0.021868,49.03393849,57.76496089,8.731022401,0.178060802,414.2315951,7.170983736,Whitening,tap
28,2,1,Experimental,0.053910674,47.15773347,63.60046807,16.4427346,0.348675252,412.5490076,6.486571877,Continuous,approximant
28,2,2,Experimental,0.0174,45.5366657,57.85769896,12.32103326,0.270573901,689.0634664,11.90962445,Stripe/Burst,tap
28,2,3,Experimental,0.017,50.38043117,63.02921201,12.64878084,0.251065355,760.1786998,12.06073621,Whitening,tap
28,2,4,Experimental,0.0188,47.10499582,60.46772973,13.36273391,0.28367976,834.347437,13.7982266,Whitening,tap
28,2,5,Experimental,0.0282,38.86912941,62.12113764,23.25200823,0.598212735,826.4076363,13.30316327,Whitening,tap
28,5,11,Experimental,0.020344,44.24839699,52.32868474,8.080287756,0.182611988,661.4526693,12.64034578,Stripe/Burst,tap
28,5,12,Experimental,0.023,37.99348176,53.83307109,15.83958933,0.416902811,1261.651031,23.43635624,Stripe/Burst,tap
28,5,21,Experimental,0.020114,53.02586882,59.01699265,5.991123835,0.112984925,431.3290382,7.308556719,Whitening,tap
28,5,22,Experimental,0.027466,42.12266943,53.6786753,11.55600587,0.274341727,810.6770102,15.10240344,Whitening,tap
28,5,23,Experimental,0.025150678,64.92762461,72.80270743,7.875082828,0.121290173,332.9116954,4.572792786,Whitening,tap
28,5,25,Experimental,0.025527,49.09814519,63.08650248,13.98835729,0.284906023,611.0897498,9.686537148,Whitening,tap
28,5,29,Experimental,0.027826,44.3916918,55.72069243,11.32900063,0.255205426,470.9030886,8.451134902,Stripe/Burst,tap
28,5,30,Experimental,0.028838,51.30813761,62.71619714,11.40805953,0.222344058,596.4439811,9.510206426,Whitening,tap
28,5,33,Experimental,0.026554,46.32460563,68.7920649,22.46745927,0.485000551,880.6155711,12.80112136,Whitening,tap
28,5,44,Experimental,0.013,61.65885308,69.38342024,7.724567153,0.125279125,551.0075688,7.941487562,Whitening,tap
28,6,3,Experimental,0.029437,56.04443365,61.11159374,5.067160091,0.090413262,273.5633284,4.476455475,Whitening,tap
28,6,11,Experimental,0.026276,54.17164165,60.58622702,6.414585376,0.118412239,185.5158319,3.062013282,Whitening,tap
28,6,27,Experimental,0.014942622,56.72653036,57.55142063,0.824890269,0.014541525,75.14986496,1.305786445,Whitening,tap
28,6,36,Experimental,0.024535,48.58133631,58.82409181,10.24275549,0.210837253,563.9484841,9.58703257,Whitening,tap
28,6,37,Experimental,0.04060017,41.95057127,59.99096496,18.04039369,0.430039285,526.5022742,8.776359483,Stripe/Burst,stop
28,6,62,Experimental,0.033918583,45.54238254,60.13151204,14.5891295,0.320341815,553.6922885,9.208022046,Stripe/Burst,stop
28,6,66,Experimental,0.031476958,33.63104123,49.47077327,15.83973204,0.470985478,655.0105363,13.24035371,Stripe/Burst,stop
31,1,13,Experimental,0.022427,61.07069705,70.73233345,9.661636391,0.158204128,391.6195169,5.536640711,Whitening,tap
31,1,16,Experimental,0.024464,59.67951995,70.16604355,10.4865236,0.17571394,390.9689925,5.572054126,Whitening,tap
31,1,23,Experimental,0.015484959,63.14213177,62.97214724,-0.16998453,-0.002692094,0,0,Whitening,tap
31,1,32,Experimental,0.026544,52.78215571,67.89696421,15.1148085,0.286362092,293.4346671,4.321764169,Whitening,tap
31,1,37,Experimental,0.026457,61.09285205,65.57920999,4.486357939,0.073435071,276.5197084,4.216575779,Whitening,tap
31,1,38,Experimental,0.027043615,47.72673186,62.62964289,14.90291103,0.312255008,399.6579187,6.381290078,Stripe/Burst,tap
31,1,43,Experimental,0.026254,66.94278924,72.1649953,5.222206062,0.078009986,321.5949757,4.456384627,Whitening,tap
31,1,44,Experimental,0.021584,51.46712716,57.84178156,6.374654409,0.123858757,243.2411552,4.205284633,Whitening,tap
31,2,1,Experimental,0.073381155,43.75686372,58.86018155,15.10331784,0.345164542,459.3634154,7.804315299,Continuous,approximant
31,2,2,Experimental,0.083573055,39.02936023,62.43427883,23.4049186,0.599674667,1254.73365,20.09687103,Stripe/Burst,stop
31,2,3,Experimental,0.078113456,52.03859936,63.02588663,10.98728727,0.21113726,464.2168961,7.365495686,Continuous,approximant
31,2,4,Experimental,0.048557157,57.14394427,59.5549292,2.410984927,0.042191434,98.17867857,1.648539926,Continuous,approximant
31,2,5,Experimental,0.053944808,37.54209465,55.46010718,17.91801253,0.477277911,542.776063,9.786783521,Continuous,approximant
31,5,11,Experimental,0.043153669,64.5549717,64.97679623,0.421824533,0.006534346,39.07485472,0.601366287,Continuous,approximant
31,5,21,Experimental,0.047472685,51.99753675,66.88763971,14.89010296,0.286361699,566.2240084,8.465301076,Continuous,approximant
31,5,23,Experimental,0.024558947,66.84982588,69.07788498,2.228059103,0.033329318,152.0247916,2.200773686,Whitening,tap
31,5,25,Experimental,0.036653696,71.69071752,73.5054199,1.814702382,0.025312934,65.54282629,0.891673381,Continuous,approximant
31,5,29,Experimental,0.039872741,60.8087951,73.95814775,13.14935264,0.216240967,516.6626215,6.985878328,Continuous,approximant
31,5,30,Experimental,0.058652373,45.81554749,54.0173613,8.201813809,0.179018134,607.8449814,11.25277072,Continuous,approximant
31,5,33,Experimental,0.025964206,64.36109195,64.13886809,-0.222223858,-0.003452767,0,0,Continuous,approximant
31,5,41,Experimental,0.031327164,55.98539603,70.69925207,14.71385604,0.262815968,404.3112367,5.718748428,Continuous,approximant
31,5,44,Experimental,0.036324124,70.73827297,72.44455242,1.706279447,0.024121022,48.32303907,0.667034821,Continuous,approximant
31,6,3,Experimental,0.036770313,66.78860034,67.35734562,0.568745281,0.008515604,25.50307672,0.378623541,Continuous,approximant
31,6,11,Experimental,0.023754296,65.36353674,66.82693534,1.4633986,0.022388608,74.93285903,1.121297253,Continuous,approximant
31,6,27,Experimental,0.027465,42.63249015,58.42616293,15.79367278,0.37046095,542.6704707,9.288141536,Whitening,tap
31,6,36,Experimental,0.026356,49.27388378,57.0118057,7.737921919,0.15703901,246.2409374,4.319121881,Whitening,tap
31,6,37,Experimental,0.022682,44.79098816,51.39965956,6.608671399,0.147544666,282.5343405,5.49681346,Whitening,tap
31,6,62,Experimental,0.032082,45.4631191,55.41263494,9.949515837,0.218848069,303.7849782,5.482233042,Whitening,approximant
31,6,66,Experimental,0.024711,49.42189487,55.05396789,5.632073025,0.113959067,130.5851096,2.371947284,Whitening,tap
32,1,13,Control,0.027414,43.3392557,64.38343151,21.04417582,0.485568464,924.961408,14.36645091,Whitening,tap
32,1,23,Control,0.013541555,49.56072745,57.68827431,8.127546858,0.163991678,510.6929453,8.852629957,Whitening,tap
32,1,32,Control,0.011112078,53.51325538,58.83268519,5.319429815,0.099403966,335.2248041,5.697934796,Whitening,tap
32,1,37,Control,0.021628679,36.12850014,52.88596103,16.75746089,0.46382941,742.7257286,14.04391098,Stripe/Burst,tap
32,1,38,Control,0.027883,45.0042777,62.00970004,17.00542234,0.377862355,555.7002719,8.961505563,Stripe/Burst,tap
32,1,43,Control,0.024849,51.81366767,70.08399358,18.27032591,0.352615955,950.5463179,13.56295881,Whitening,tap
32,1,44,Control,0.025737,42.96270468,60.60390461,17.64119992,0.410616605,711.7441348,11.74419601,Whitening,tap
32,5,11,Control,0.026643,47.40162944,57.36785655,9.966227102,0.210250728,363.3994799,6.334548678,Stripe/Burst,tap
32,5,12,Control,0.013658332,47.31791141,49.47632561,2.158414199,0.045615162,138.2488199,2.794241856,Whitening,tap
32,5,21,Control,0.01657435,48.74653131,54.10235362,5.355822318,0.10987084,201.9188318,3.732163543,Whitening,tap
32,5,23,Control,0.026593,48.86551735,60.97633989,12.11082254,0.247839851,397.6441857,6.521286558,Stripe/Burst,tap
32,5,25,Control,0.015975801,51.07243019,56.24912237,5.176692186,0.101359817,207.5921818,3.690585257,Continuous,approximant
32,5,29,Control,0.017523435,48.15759217,51.36142976,3.203837591,0.066528193,123.4837638,2.404211962,Stripe/Burst,tap
32,5,30,Control,0.020346,52.6592092,57.06927999,4.410070799,0.08374738,148.0327134,2.593912407,Whitening,tap
32,5,33,Control,0.010637589,51.16690736,58.73826378,7.571356415,0.147973696,271.7230229,4.625996845,Whitening,tap
32,5,41,Control,0.026891,38.04442487,47.04510245,9.000677579,0.236583353,393.466606,8.363603978,Whitening,tap
32,5,44,Control,0.007,52.31786266,53.50696636,1.189103697,0.022728446,64.90277163,1.212977974,Whitening,tap
32,6,3,Control,0.029866,29.33538875,43.58573718,14.25034843,0.485773294,392.4831221,9.004852217,Whitening,tap
32,6,36,Control,0.026442,40.78566573,52.90324958,12.11758385,0.297103986,416.8736007,7.879924276,Whitening,tap
32,6,37,Control,0.01765429,41.63116696,55.46606629,13.83489933,0.332320719,359.5858821,6.48298872,Continuous,approximant
32,6,62,Control,0.02101054,32.0671144,44.28895863,12.22184423,0.381133272,299.3726275,6.759531872,Whitening,tap
32,6,66,Control,0.047033299,24.16009905,53.818996,29.65889695,1.227598318,962.3021588,17.88034394,Stripe/Burst,stop
35,1,13,Comparison,0.015768546,70.97156718,85.02189363,14.05032646,0.197971202,700.2545406,8.236167305,Stripe/Burst,tap
35,1,16,Comparison,0.01648626,63.01190483,83.4030029,20.39109806,0.323607073,1461.320494,17.5211976,Stripe/Burst,tap
35,1,23,Comparison,0.021526,53.06332414,69.09352701,16.03020288,0.302095716,925.511185,13.39504907,Stripe/Burst,tap
35,1,32,Comparison,0.023847864,48.75792556,71.0662752,22.30834964,0.457532789,1000.331932,14.07604282,Stripe/Burst,tap
35,1,37,Comparison,0.01298385,60.42066725,78.23713375,17.81646649,0.294873713,875.4325873,11.18947673,Stripe/Burst,tap
35,1,38,Comparison,0.026599,51.3116706,72.2362009,20.92453031,0.407792809,906.6293049,12.5508996,Stripe/Burst,tap
35,1,43,Comparison,0.021357333,62.38802658,80.75871454,18.37068796,0.294458552,1125.152525,13.93227383,Stripe/Burst,tap
35,1,44,Comparison,0.019288662,55.69263978,77.67848275,21.98584297,0.39477107,1121.864812,14.44241406,Whitening,tap
35,2,1,Comparison,0.022,48.11530804,66.05287479,17.93756675,0.372803739,845.89284,12.80629863,Whitening,tap
35,2,2,Comparison,0.014457,60.00777867,62.17887868,2.171100012,0.03618031,163.4336874,2.628443788,Whitening,tap
35,2,3,Comparison,0.017823707,56.93307133,67.69752135,10.76445002,0.189072006,565.3176071,8.350639667,Continuous,approximant
35,2,4,Comparison,0.016945,52.52520385,69.42922618,16.90402233,0.321826877,808.489093,11.64479481,Whitening,tap
35,2,5,Comparison,0.016859651,59.77389396,69.22676155,9.452867588,0.158143747,538.4697044,7.778346009,Whitening,tap
35,5,11,Comparison,0.049569744,49.912421,81.06668383,31.15426283,0.624178555,1185.46382,14.62331706,Stripe/Burst,stop
35,5,12,Comparison,0.023149304,58.87848857,77.3602852,18.48179663,0.313897267,1208.75132,15.62495946,Stripe/Burst,tap
35,5,21,Comparison,0.029847596,46.6037183,70.3607171,23.7569988,0.509766166,1287.017302,18.29170246,Stripe/Burst,tap
35,5,22,Comparison,0.046321899,46.51547736,65.57868433,19.06320697,0.409825031,1019.103062,15.54015718,Stripe/Burst,stop
35,5,23,Comparison,0.018002407,59.4748325,78.20914879,18.7343163,0.314995697,620.2640778,7.930837855,Whitening,tap
35,5,25,Comparison,0.021869,61.54693128,80.08058296,18.53365169,0.301130394,1341.894843,16.75680663,Stripe/Burst,tap
35,5,29,Comparison,0.024569798,53.32569635,72.84246646,19.51677011,0.365991847,741.6331793,10.18132987,Stripe/Burst,tap
35,5,30,Comparison,0.021925743,59.90978294,76.36480743,16.45502449,0.274663397,1025.753627,13.43228199,Stripe/Burst,tap
35,5,33,Comparison,0.025408079,59.93253061,75.37344205,15.44091144,0.257638236,841.7116672,11.16721811,Stripe/Burst,tap
35,5,41,Comparison,0.032301078,49.09108391,79.39293967,30.30185576,0.617257827,880.5601669,11.09116466,Stripe/Burst,stop
35,5,44,Comparison,0.022094905,62.94175806,79.29963367,16.35787561,0.25988908,995.573503,12.55457884,Stripe/Burst,tap
35,6,3,Comparison,0.019792122,56.5118957,69.59773995,13.08584425,0.23155911,488.4137686,7.017667082,Stripe/Burst,tap
35,6,11,Comparison,0.023453399,61.83193678,79.08971156,17.25777479,0.279107783,666.9713574,8.433098872,Stripe/Burst,tap
35,6,27,Comparison,0.027142877,58.44917967,72.08337736,13.63419769,0.233265852,543.2828446,7.536867229,Stripe/Burst,tap
35,6,36,Comparison,0.042970977,48.24005617,74.42305932,26.18300315,0.542764773,834.2182908,11.20913731,Stripe/Burst,stop
35,6,62,Comparison,0.029469,53.66297288,75.63876593,21.97579305,0.409515013,769.9673776,10.17953384,Whitening,tap
35,6,66,Comparison,0.036444377,52.75971451,83.5631447,30.80343019,0.583843762,651.4404824,7.795787062,Stripe/Burst,stop
39,1,13,Comparison,0.022912228,44.83306562,68.02844138,23.19537576,0.517372066,1072.312201,15.76270423,Stripe/Burst,tap
39,1,16,Comparison,0.017685549,51.92654396,62.10012205,10.17357808,0.195922496,764.8636689,12.31662103,Whitening,tap
39,1,23,Comparison,0.026663,45.54966674,62.82545165,17.27578491,0.379273574,412.7691742,6.570094815,Stripe/Burst,tap
39,1,32,Comparison,0.023146383,41.30524537,64.41063896,23.10539359,0.559381584,862.1821576,13.38571037,Stripe/Burst,tap
39,1,37,Comparison,0.022177259,45.67170126,60.71487567,15.04317442,0.329376266,700.0979333,11.53091274,Whitening,tap
39,1,38,Comparison,0.023884,43.22827816,54.64451697,11.41623881,0.264091916,296.4865933,5.425733627,Whitening,tap
39,1,43,Comparison,0.036142392,47.31464677,65.53223961,18.21759284,0.385030727,1025.170434,15.64375702,Continuous,approximant
39,1,44,Comparison,0.023442,44.6443388,49.27848004,4.634141232,0.103801319,241.9924264,4.910712064,Whitening,tap
39,2,1,Comparison,0.06396359,38.6886117,61.47260999,22.78399829,0.588907104,681.2876038,11.08278311,Continuous,approximant
39,2,2,Comparison,0.0402638,52.45793754,56.52716569,4.069228146,0.077571257,235.3484991,4.163458335,Continuous,approximant
39,2,3,Comparison,0.037755729,49.79045001,59.92375051,10.1333005,0.203518958,751.8954601,12.54753672,Continuous,approximant
39,2,4,Comparison,0.049205968,46.89362561,59.46543682,12.57181121,0.268092114,764.0446541,12.84855027,Continuous,approximant
39,2,5,Comparison,0.033733838,38.49293979,61.81459463,23.32165483,0.605868374,722.8094355,11.69318411,Continuous,approximant
39,5,11,Comparison,0.040764523,48.95274578,73.04779272,24.09504695,0.492210326,1241.262651,16.99247307,Stripe/Burst,stop
39,5,12,Comparison,0.041799116,44.48924976,58.74183496,14.2525852,0.320360206,740.7211262,12.60977167,Stripe/Burst,stop
39,5,21,Comparison,0.026632,53.90892461,70.05727057,16.14834596,0.299548657,702.629129,10.02935346,Whitening,tap
39,5,22,Comparison,0.024445,50.67787893,61.52333912,10.84546019,0.214007777,666.5983287,10.8348854,Whitening,tap
39,5,23,Comparison,0.024253,59.6469645,72.15671124,12.50974673,0.209729813,539.2546375,7.473381591,Stripe/Burst,tap
39,5,25,Comparison,0.047010753,46.46353161,72.26060734,25.79707573,0.555211256,1263.936083,17.49135704,Whitening,approximant
39,5,29,Comparison,0.028542,60.99927457,68.65585901,7.656584442,0.125519271,416.0350013,6.059715913,Whitening,tap
39,5,30,Comparison,0.023003,56.59252462,73.81587198,17.22334736,0.304339619,803.8582661,10.89004634,Whitening,tap
39,5,33,Comparison,0.01471,54.52082647,64.37662011,9.855793647,0.180771171,731.2387981,11.35876343,Stripe/Burst,tap
39,5,41,Comparison,0.044464626,43.27115445,73.37699707,30.10584262,0.695748542,983.007013,13.39666452,Stripe/Burst,stop
39,5,44,Comparison,0.033195469,51.97233257,68.61412697,16.6417944,0.320204878,581.0724518,8.468699923,Stripe/Burst,stop
39,6,3,Comparison,0.026611,61.34299406,67.90742855,6.564434493,0.107011968,268.5502103,3.954651442,Whitening,tap
39,6,11,Comparison,0.0219,53.0724887,73.77723105,20.70474235,0.390121942,678.256512,9.193303982,Stripe/Burst,tap
39,6,27,Comparison,0.027762,64.48044907,78.17551014,13.69506107,0.212390907,492.6440989,6.301770183,Stripe/Burst,tap
39,6,36,Comparison,0.021828,51.48095184,59.00690807,7.525956228,0.146189143,330.3216432,5.59801647,Whitening,tap
39,6,37,Comparison,0.028875,58.6365884,71.20636309,12.56977469,0.214367429,377.1055291,5.295952676,Whitening,tap
39,6,62,Comparison,0.02697,54.69044299,62.92547964,8.235036654,0.150575424,253.5326778,4.029094085,Whitening,tap
39,6,66,Comparison,0.016773,61.51282192,75.16822921,13.65540729,0.22199286,289.3047102,3.848763144,Stripe/Burst,tap
41,1,13,Comparison,0.018077109,68.47375941,73.65703445,5.183275037,0.075697246,173.3019981,2.352823452,Continuous,approximant
41,1,16,Comparison,0.023838138,75.63106493,76.91573637,1.284671446,0.016986029,97.39225647,1.266220166,Continuous,approximant
41,1,32,Comparison,0.032577,68.76683179,69.26428201,0.497450212,0.007233868,39.33839307,0.567946306,Continuous,approximant
41,1,37,Comparison,0.016520326,59.48620304,64.85156631,5.365363268,0.090195087,404.3904626,6.23563139,Whitening,tap
41,1,38,Comparison,0.013343275,62.29375797,66.87817946,4.584421488,0.073593593,249.3635355,3.72862326,Whitening,tap
41,1,43,Comparison,0.020704212,58.59361712,72.67582473,14.08220761,0.240336888,584.8105333,8.046837246,Whitening,tap
41,1,44,Comparison,0.024214,61.35726457,67.10512617,5.747861599,0.093678583,165.4507711,2.465545936,Whitening,tap
41,2,1,Comparison,0.049040973,43.65377172,66.89475229,23.24098057,0.532393414,901.5231643,13.47673971,Whitening,approximant
41,2,2,Comparison,0.027994,53.61011317,64.32187422,10.71176105,0.199808589,407.3662937,6.33324664,Whitening,tap
41,2,3,Comparison,0.043688018,53.38273481,64.93681429,11.55407948,0.216438508,367.5403584,5.659969039,Stripe/Burst,stop
41,2,4,Comparison,0.052638928,44.2636547,66.09994753,21.83629283,0.493323314,1055.107875,15.96231032,Whitening,approximant
41,2,5,Comparison,0.059906201,52.78538645,62.75352774,9.968141292,0.188842821,259.0205498,4.127585478,Continuous,approximant
41,5,11,Comparison,0.059125548,61.32498098,69.12037757,7.795396588,0.127116168,188.0434417,2.720521043,Continuous,approximant
41,5,12,Comparison,0.046821371,67.6011959,69.64567273,2.044476838,0.030243205,213.4585719,3.064922249,Continuous,approximant
41,5,21,Comparison,0.054182165,56.90825384,66.87175338,9.963499541,0.175080043,306.8887264,4.589213096,Continuous,approximant
41,5,22,Comparison,0.038726505,44.11716,65.49379097,21.37663097,0.484542318,737.9302877,11.26717933,Whitening,approximant
41,5,23,Comparison,0.023606,55.34528488,63.03964804,7.694363161,0.139024728,345.5980483,5.482233151,Whitening,tap
41,5,25,Comparison,0.040188961,69.23605307,71.41113493,2.175081859,0.031415451,60.58822904,0.848442321,Continuous,approximant
41,5,29,Comparison,0.044005122,68.14295625,71.90829615,3.765339905,0.05525648,100.6000837,1.399005248,Whitening,approximant
41,5,30,Comparison,0.027527,57.41910236,58.01677191,0.597669551,0.010408898,45.65099342,0.786858557,Whitening,tap
41,5,33,Comparison,0.021963363,65.46194701,65.6218634,0.15991639,0.002442891,67.81456123,1.033414135,Stripe/Burst,tap
41,5,41,Comparison,0.028363625,61.89152861,67.52795288,5.636424276,0.091069398,221.1821105,3.275415602,Whitening,tap
41,5,44,Comparison,0.038122,62.34075186,66.31460337,3.973851511,0.063744042,134.8344655,2.033254497,Whitening,approximant
41,6,3,Comparison,0.026871,60.91757913,67.33496078,6.417381642,0.105345316,266.5231449,3.95816886,Whitening,tap
41,6,11,Comparison,0.019935,61.34539955,73.66926442,12.32386488,0.200893058,810.0186255,10.99534021,Whitening,tap
41,6,36,Comparison,0.04352349,57.07818656,68.87921394,11.80102738,0.206751968,265.4327272,3.853596928,Continuous,approximant
41,6,37,Comparison,0.026766,52.86481391,66.13040595,13.26559204,0.250934243,295.2170541,4.464165158,Whitening,tap
41,6,62,Comparison,0.028160942,52.7533505,65.34437708,12.59102659,0.238677287,315.133488,4.822656547,Whitening,tap
41,6,66,Comparison,0.027269858,56.24026447,61.97553211,5.735267639,0.101977964,186.3516701,3.006858736,Continuous,approximant
42,1,13,Control,0.017500676,67.98889952,72.79737491,4.808475389,0.070724419,253.5579457,3.48306441,Whitening,tap
42,1,16,Control,0.026221,58.07337906,72.3981066,14.32472753,0.24666599,573.778826,7.925329169,Whitening,tap
42,1,23,Control,0.025655,54.75855688,70.05623794,15.29768107,0.279366038,692.5922115,9.886231859,Whitening,tap
42,1,32,Control,0.020902,56.8072301,69.1338576,12.32662751,0.216990469,604.4682594,8.743447572,Stripe/Burst,tap
42,1,37,Control,0.013472347,57.05275753,66.9376545,9.884896969,0.173258882,702.6177375,10.4965993,Whitening,tap
42,1,38,Control,0.024304,51.5779885,71.69763455,20.11964605,0.390082022,803.7826084,11.21072701,Stripe/Burst,tap
42,1,43,Control,0.014209647,63.13492061,77.41906439,14.28414378,0.226247909,742.847253,9.59514635,Whitening,tap
42,1,44,Control,0.015951139,54.61907335,63.12905971,8.509986358,0.155806129,315.1802026,4.992632617,Whitening,tap
42,5,11,Control,0.008875039,65.50817912,72.60919323,7.101014114,0.108398893,184.6102777,2.542519335,Whitening,tap
42,5,12,Control,0.012646126,70.94353102,76.37422046,5.430689447,0.076549466,215.8402981,2.826088394,Whitening,tap
42,5,21,Control,0.011376064,73.3196383,74.8011792,1.481540897,0.020206604,81.30386698,1.086932958,Whitening,tap
42,5,22,Control,0.017787374,53.64718316,67.78693614,14.13975298,0.263569346,506.9247851,7.47820766,Stripe/Burst,tap
42,5,23,Control,0.010056732,77.82358222,81.23540396,3.411821739,0.043840461,141.5446562,1.742401088,Whitening,tap
42,5,25,Control,0.011520397,77.99342728,81.20988957,3.216462289,0.041240171,188.6839079,2.323410472,Whitening,tap
42,5,29,Control,0.013478855,67.05887401,69.66873268,2.609858666,0.038918916,139.6710704,2.004788447,Whitening,tap
42,5,30,Control,0.014463312,69.61121224,73.47489735,3.863685109,0.055503776,274.5431364,3.736556924,Whitening,tap
42,5,33,Control,0.016605883,72.9772856,78.67125086,5.693965261,0.078023802,209.4144459,2.661892924,Stripe/Burst,tap
42,5,41,Control,0.009417009,71.13369053,73.89921864,2.765528108,0.038877894,159.9423522,2.164330762,Stripe/Burst,tap
42,5,44,Control,0.005158798,76.41205716,82.22595682,5.813899662,0.076086155,210.3544783,2.558249079,Whitening,tap
42,6,3,Control,0.020843,54.20446046,70.42103657,16.21657611,0.2991742,573.1031687,8.138238183,Stripe/Burst,tap
42,6,11,Control,0.008575535,66.04860385,76.06058912,10.01198527,0.151585116,251.3320856,3.304366802,Whitening,tap
42,6,27,Control,0.020454,59.16009868,69.6782006,10.51810192,0.177790473,345.7221265,4.96169711,Stripe/Burst,tap
42,6,36,Control,0.027284,59.97444102,74.01525417,14.04081315,0.234113281,468.3063278,6.327159624,Stripe/Burst,tap
42,6,37,Control,0.021959,59.82997475,73.04013957,13.21016482,0.220795093,578.3917594,7.918820567,Stripe/Burst,tap
42,6,62,Control,0.011824405,61.80743586,74.79789092,12.99045506,0.210176249,414.7498145,5.544939962,Whitening,tap
42,6,66,Control,0.029666,53.24430105,64.93794072,11.69363967,0.219622372,341.010131,5.251323452,Whitening,tap
43,1,13,Control,0.019273,78.48577972,80.91411973,2.428340009,0.030939872,115.3299592,1.425337871,Whitening,tap
43,1,16,Control,0.020638,74.05089716,81.4312382,7.38034104,0.099665788,369.8027334,4.54128835,Whitening,tap
43,1,23,Control,0.014113,74.8770143,75.19085289,0.313838589,0.004191388,39.77401167,0.528974073,Whitening,tap
43,1,32,Control,0.01471069,60.73344274,75.19810396,14.46466122,0.238166331,478.5394935,6.363717545,Whitening,tap
43,1,37,Control,0.02589,53.58497026,70.76504168,17.18007142,0.320613622,608.461331,8.598332122,Stripe/Burst,tap
43,1,38,Control,0.026993,58.83911128,78.90519262,20.06608134,0.341033046,1114.716561,14.12729028,Stripe/Burst,tap
43,1,43,Control,0.029402,68.28347592,76.47395778,8.190481859,0.119948227,478.0952305,6.251739081,Continuous,approximant
43,5,11,Control,0.024721,64.97770152,75.49563099,10.51792947,0.16186983,403.9515417,5.350661176,Whitening,tap
43,5,12,Control,0.014546,69.89909894,75.87663251,5.977533561,0.085516604,147.0425557,1.937916204,Whitening,tap
43,5,21,Control,0.016013859,64.8740447,68.26634139,3.392296681,0.052290507,194.7128399,2.852252457,Whitening,tap
43,5,22,Control,0.028054773,52.79000594,64.43172695,11.64172101,0.220528882,418.3992194,6.493683147,Stripe/Burst,tap
43,5,23,Control,0.024197,70.61656019,76.51279068,5.896230493,0.083496427,229.8836204,3.004512296,Stripe/Burst,tap
43,5,25,Control,0.035392735,72.99917351,75.17857388,2.179400375,0.029855138,92.16741629,1.225979844,Continuous,approximant
43,5,29,Control,0.04,63.28364383,74.35557392,11.0719301,0.174957215,482.2298494,6.485456623,Whitening,approximant
43,5,30,Control,0.009444156,74.61698683,77.04579949,2.428812661,0.032550399,113.4397965,1.472368348,Whitening,tap
43,5,33,Control,0.01330729,68.74508932,71.08554977,2.340460453,0.034045493,106.5814418,1.499340473,Whitening,tap
43,5,41,Control,0.036699,57.03342806,72.29369611,15.26026804,0.267567084,396.7686402,5.488288212,Continuous,approximant
43,5,44,Control,0.021606,71.33665643,77.77398432,6.437327895,0.090238711,296.4505069,3.811692424,Whitening,tap
43,6,3,Control,0.022075,55.71741107,63.34202799,7.624616916,0.136844422,219.2792025,3.461827944,Whitening,tap
43,6,11,Control,0.013559242,67.54181365,70.77676052,3.234946863,0.047895469,101.8802421,1.43945896,Stripe/Burst,tap
43,6,27,Control,0.012241003,65.55768345,72.67576791,7.118084465,0.108577425,348.6004139,4.796652639,Whitening,tap
43,6,36,Control,0.018731,56.93385313,65.51806237,8.584209248,0.150775133,233.1103134,3.557954936,Stripe/Burst,tap
43,6,37,Control,0.019033745,57.3442235,66.69854168,9.354318181,0.163125728,221.5199311,3.321211011,Stripe/Burst,tap
43,6,62,Control,0.02774,62.27562327,65.18970274,2.91407947,0.046793261,136.7536179,2.097779436,Whitening,tap
43,6,66,Control,0.026134,64.07166467,72.00172667,7.930061998,0.123768628,272.7967932,3.78875349,Whitening,tap
44,1,13,Control,0.034033031,50.22756501,63.35189504,13.12433004,0.261297358,577.8218735,9.120830137,Stripe/Burst,stop
44,1,16,Control,0.02572,51.8073483,57.26957521,5.462226904,0.105433439,176.8572157,3.08815309,Whitening,tap
44,1,23,Control,0.0375545,45.21693804,55.39539963,10.17846159,0.225102849,513.6191123,9.271873038,Whitening,approximant
44,1,32,Control,0.028306,42.54012702,53.41576025,10.87563322,0.255655871,470.390945,8.806220165,Stripe/Burst,tap
44,1,37,Control,0.018469277,59.70046834,60.70097045,1.000502106,0.016758698,77.05852239,1.269477602,Whitening,tap
44,1,38,Control,0.037392043,41.44458145,62.80477785,21.3601964,0.515391775,766.8018031,12.20929091,Stripe/Burst,stop
44,1,43,Control,0.021677,50.17630408,64.72096248,14.54465841,0.289871059,611.6284627,9.450237437,Whitening,tap
44,1,44,Control,0.025102,38.81962286,50.46308116,11.6434583,0.29993744,510.1663694,10.1096952,Whitening,tap
44,5,11,Control,0.029733,52.25153056,70.48392234,18.23239178,0.348935076,600.5640034,8.52058148,Stripe/Burst,tap
44,5,12,Control,0.027039,50.06205955,64.76465816,14.70259861,0.29368745,442.492637,6.832316415,Whitening,tap
44,5,21,Control,0.01438807,55.93452202,64.78785509,8.853333072,0.158280303,375.9939503,5.80346347,Whitening,tap
44,5,22,Control,0.027522,39.07288122,58.25849689,19.18561567,0.491021268,628.9290433,10.79549039,Whitening,tap
44,5,23,Control,0.023578,48.74750902,54.43275373,5.685244712,0.116626364,224.5681169,4.125606396,Whitening,tap
44,5,25,Control,0.013529803,58.13550667,62.52556688,4.390060213,0.075514268,207.449828,3.317840019,Whitening,tap
44,5,29,Control,0.014598,47.26381968,62.37970508,15.1158854,0.319819378,627.0944108,10.0528595,Stripe/Burst,tap
44,5,30,Control,0.025541,58.136603,66.40153054,8.264927541,0.142163923,337.7219301,5.08605641,Whitening,tap
44,5,33,Control,0.024265,57.25561694,61.04782899,3.792212046,0.066233013,145.723371,2.38703609,Whitening,tap
44,5,41,Control,0.036905,42.75381995,59.41128403,16.65746408,0.389613468,416.7910451,7.015351577,Whitening,approximant
44,5,44,Control,0.025614,56.59377565,68.11737236,11.52359671,0.203619507,425.4392947,6.245679773,Whitening,tap
44,6,3,Control,0.024778,68.40803711,74.27671558,5.868678468,0.085789312,297.4836391,4.00507261,Whitening,tap
44,6,11,Control,0.028127,57.12470904,74.78196708,17.65725804,0.309100183,537.6187438,7.189149534,Whitening,tap
44,6,27,Control,0.013650111,59.89030994,64.11351475,4.223204815,0.070515661,107.3019364,1.673624303,Whitening,tap
44,6,37,Control,0.026391,43.08324858,66.02142442,22.93817584,0.532415187,665.8267276,10.08501003,Stripe/Burst,tap
44,6,66,Control,0.013955052,45.94385765,68.52018585,22.5763282,0.491389477,694.7297801,10.13905277,Stripe/Burst,tap
47,1,16,Comparison,0.016197539,54.85483144,60.92061077,6.065779338,0.110578762,215.4293786,3.536231431,Whitening,tap
47,1,23,Comparison,0.025281,49.88506703,56.37067561,6.485608582,0.130011023,358.3718036,6.357415441,Whitening,tap
47,1,32,Comparison,0.017218239,43.45498441,52.68844326,9.233458848,0.212483308,261.7089465,4.967103416,Stripe/Burst,tap
47,1,38,Comparison,0.019956006,55.78216365,64.89116056,9.108996907,0.163295869,282.1625694,4.348243536,Stripe/Burst,tap
47,1,43,Comparison,0.021051,57.21371274,65.06859477,7.854882038,0.1372902,437.9879767,6.731173129,Stripe/Burst,tap
47,1,44,Comparison,0.020703,62.55692662,66.02637699,3.469450377,0.055460691,196.7406109,2.979727495,Whitening,tap
47,2,1,Comparison,0.045299581,42.56394514,65.49318679,22.92924165,0.538701043,799.4218636,12.20618362,Continuous,approximant
47,2,2,Comparison,0.036886681,45.26475552,54.80779184,9.543036321,0.210827082,370.470976,6.759458163,Continuous,approximant
47,2,3,Comparison,0.053279159,46.28834613,65.44498578,19.15663965,0.413854485,812.3208789,12.41227069,Stripe/Burst,stop
47,2,4,Comparison,0.080385885,33.23951875,59.22730197,25.98778322,0.781833919,1413.942696,23.8731573,Stripe/Burst,stop
47,2,5,Comparison,0.057379282,45.96682113,60.59848186,14.63166073,0.318309171,212.8654897,3.512719843,Continuous,approximant
47,5,11,Comparison,0.024134778,48.74527999,59.32003948,10.57475949,0.216939148,431.3915295,7.272273134,Stripe/Burst,tap
47,5,12,Comparison,0.011814405,58.32758757,62.23628545,3.908697883,0.06701285,358.9382336,5.767346669,Whitening,tap
47,5,21,Comparison,0.054369545,35.75213015,56.1650607,20.41293055,0.570957044,1100.082828,19.58660446,Stripe/Burst,stop
47,5,22,Comparison,0.056819512,29.29810578,44.94112496,15.64301918,0.533925957,1839.290067,40.92665836,Stripe/Burst,stop
47,5,23,Comparison,0.006871703,54.08423064,62.00396552,7.919734883,0.146433347,527.0663139,8.500525886,Whitening,tap
47,5,25,Comparison,0.011946139,53.54201308,62.75101697,9.209003897,0.171995847,571.6655975,9.11006108,Whitening,tap
47,5,29,Comparison,0.040448018,39.16578407,58.42348602,19.25770196,0.491697088,834.036121,14.27569934,Stripe/Burst,stop
47,5,30,Comparison,0.046832244,42.6012192,59.11574649,16.51452729,0.387653866,536.0072317,9.067080491,Whitening,approximant
47,5,33,Comparison,0.013302,58.27177667,65.62294896,7.351172296,0.126153221,362.413006,5.522656506,Whitening,tap
47,5,41,Comparison,0.025456,44.18655492,61.90121017,17.71465526,0.400906006,1114.572167,18.00566037,Stripe/Burst,tap
47,5,44,Comparison,0.025695,50.86680004,64.70099246,13.83419242,0.271968994,1004.784854,15.5296668,Stripe/Burst,tap
47,6,3,Comparison,0.022181375,52.62484464,65.16036555,12.53552092,0.238205376,453.8759431,6.965521743,Stripe/Burst,tap
47,6,11,Comparison,0.020059,57.68332271,59.99906642,2.315743708,0.04014581,201.6498382,3.360882931,Stripe/Burst,tap
47,6,27,Comparison,0.018021992,56.89835728,59.90436741,3.006010129,0.052831229,271.6434505,4.534618464,Whitening,tap
47,6,36,Comparison,0.023982,50.17395197,56.46407438,6.290122407,0.125366294,355.5155494,6.296314131,Stripe/Burst,tap
47,6,37,Comparison,0.011088095,53.25197194,63.00281362,9.750841682,0.183107617,294.083163,4.667778249,Stripe/Burst,tap
47,6,62,Comparison,0.022309,51.88649171,57.39749949,5.51100778,0.106212766,333.5523497,5.811269702,Whitening,tap
47,6,66,Comparison,0.026303,44.23156658,50.90935299,6.677786406,0.150973319,338.3608722,6.64634006,Stripe/Burst,tap
49,1,13,Comparison,0.011196676,64.53374421,71.28086573,6.747121515,0.104551837,183.8876201,2.579761317,Whitening,tap
49,1,16,Comparison,0.028818,58.95788142,64.92862291,5.970741491,0.101271303,262.0046676,4.035272209,Whitening,tap
49,1,23,Comparison,0.014642521,63.34026494,67.11391546,3.773650528,0.059577435,201.336354,2.999919654,Whitening,tap
49,1,32,Comparison,0.027496,52.30113949,63.25679763,10.95565814,0.209472647,543.9792915,8.599538892,Stripe/Burst,tap
49,1,37,Comparison,0.027245,54.80072116,69.41280062,14.61207947,0.266640277,627.6659664,9.042510327,Stripe/Burst,tap
49,1,38,Comparison,0.011111085,63.22946579,68.89936632,5.669900534,0.089671808,235.9112628,3.423997569,Whitening,tap
49,1,43,Comparison,0.012103524,64.67828105,68.31390628,3.635625235,0.056210913,166.9249474,2.443498791,Whitening,tap
49,1,44,Comparison,0.015687875,62.52720075,66.6251022,4.097901456,0.0655379,251.8856692,3.780642143,Whitening,tap
49,2,1,Comparison,0.059282819,33.80477189,65.87165618,32.06688429,0.948590465,1429.275646,21.69788539,Stripe/Burst,stop
49,2,2,Comparison,0.079420731,34.45192115,59.4990532,25.04713205,0.727016991,1100.920485,18.50315972,Whitening,approximant
49,2,3,Comparison,0.064179048,41.24093236,62.09188737,20.85095501,0.505588836,958.2158755,15.43222337,Stripe/Burst,stop
49,2,4,Comparison,0.058859116,38.18950336,62.63087971,24.44137635,0.640002467,1219.952222,19.47844623,Whitening,approximant
49,2,5,Comparison,0.062150789,27.23303865,62.69555189,35.46251324,1.30218716,1328.391832,21.18797572,Stripe/Burst,stop
49,5,11,Comparison,0.022351,56.4816111,69.08149763,12.59988653,0.223079446,533.2431623,7.719044616,Whitening,tap
49,5,12,Comparison,0.022662827,52.96489545,68.4542303,15.48933485,0.292445302,991.7256334,14.48742655,Stripe/Burst,tap
49,5,21,Comparison,0.016191385,52.25527285,64.11071467,11.85544182,0.226875513,723.5965725,11.28667144,Whitening,tap
49,5,22,Comparison,0.031365799,27.28155523,49.02252913,21.74097389,0.796911089,1580.821942,32.24684589,Stripe/Burst,stop
49,5,23,Comparison,0.017309606,64.52858758,66.08734602,1.558758442,0.024156091,93.8716851,1.420418442,Whitening,tap
49,5,25,Comparison,0.01662846,58.95320144,70.23613256,11.28293112,0.191387929,480.6604266,6.843492218,Whitening,tap
49,5,29,Comparison,0.028792,55.93474425,63.57947837,7.644734126,0.136672371,289.2218839,4.548981705,Whitening,tap
49,5,30,Comparison,0.022752914,50.67965468,71.01745584,20.33780116,0.4013011,1144.120885,16.1104178,Stripe/Burst,tap
49,5,33,Comparison,0.019191747,60.71034226,65.54926476,4.838922502,0.079705077,169.7814264,2.590134718,Continuous,approximant
49,5,41,Comparison,0.028706,39.34976604,66.89921364,27.5494476,0.700117189,835.8190153,12.49370463,Whitening,tap
49,5,44,Comparison,0.015499988,58.03143001,68.87416274,10.84273273,0.186842418,425.3058375,6.175114449,Whitening,tap
49,6,3,Comparison,0.0196955,56.88366615,69.24131247,12.35764632,0.217244196,537.5210265,7.763010367,Stripe/Burst,tap
49,6,11,Comparison,0.01865,62.40569935,68.59738468,6.19168533,0.099216664,291.7558441,4.253162791,Whitening,tap
49,6,27,Comparison,0.025342,57.63356146,67.75410941,10.12054796,0.175601641,338.6207357,4.997788896,Whitening,tap
49,6,36,Comparison,0.02614,41.19718024,62.02020923,20.82302899,0.505447918,666.0070541,10.73854897,Stripe/Burst,tap
49,6,37,Comparison,0.0298,43.06731783,63.06946992,20.0021521,0.464439234,543.3476724,8.61506642,Stripe/Burst,tap
49,6,62,Comparison,0.026059,45.72061345,64.77587129,19.05525784,0.416776076,598.8119596,9.244367504,Stripe/Burst,tap
49,6,66,Comparison,0.029242,40.31861324,59.3782606,19.05964736,0.472725767,573.899662,9.665147752,Whitening,tap
50,1,13,Control,0.027862,54.81652064,70.91147086,16.09495021,0.293614955,861.0200863,12.14218343,Stripe/Burst,tap
50,1,23,Control,0.071543366,36.34135544,59.87852271,23.53716727,0.647668943,1375.758137,22.97581962,Stripe/Burst,stop
50,1,32,Control,0.016332761,52.46339407,69.48200233,17.01860827,0.32439015,999.8312131,14.38978699,Whitening,tap
50,1,37,Control,0.015720227,56.64357495,59.57197498,2.928400031,0.051698715,122.9467822,2.063835926,Continuous,approximant
50,1,38,Control,0.043820086,47.03562751,56.67707102,9.641443517,0.204981713,490.0268216,8.645944697,Stripe/Burst,stop
50,1,43,Control,0.029509,51.18873685,71.41052351,20.22178665,0.395043674,1260.133093,17.64632202,Stripe/Burst,tap
50,1,44,Control,0.025444,46.72612011,63.51564943,16.78952932,0.359317857,672.9052102,10.5943215,Whitening,tap
50,5,11,Control,0.0227,55.20104529,68.96024875,13.75920346,0.249256212,443.7578259,6.434980064,Stripe/Burst,tap
50,5,12,Control,0.025242,50.27340463,66.73618405,16.46277942,0.32746498,645.9427177,9.679047834,Stripe/Burst,tap
50,5,21,Control,0.013496249,59.30084539,66.3860716,7.085226203,0.119479346,393.0898406,5.921269796,Whitening,tap
50,5,22,Control,0.03774392,38.55250555,63.10151143,24.54900588,0.636768104,811.9211906,12.8669056,Stripe/Burst,stop
50,5,23,Control,0.011516675,68.79287092,74.54364836,5.750777439,0.083595544,350.6463143,4.703905993,Whitening,tap
50,5,25,Control,0.021953,58.83883021,71.27550329,12.43667307,0.211368463,419.1621811,5.880872975,Whitening,tap
50,5,29,Control,0.023447,63.60358169,75.48235576,11.87877407,0.18676266,508.9597507,6.742764526,Stripe/Burst,tap
50,5,30,Control,0.023901,59.59063487,68.58475513,8.99412026,0.150931774,371.5664376,5.417624323,Whitening,tap
50,5,33,Control,0.018489,59.93793143,73.34225522,13.40432379,0.223636743,455.0234137,6.204109928,Whitening,tap
50,5,41,Control,0.020889,51.75175958,67.73804252,15.98628295,0.308903177,415.2133065,6.129691545,Stripe/Burst,tap
50,5,44,Control,0.01191463,67.07252673,75.62890727,8.556380542,0.12756908,359.593783,4.754713456,Whitening,tap
50,6,11,Control,0.011852861,65.9627048,76.93898425,10.97627944,0.166401294,418.4499687,5.438724891,Stripe/Burst,tap
50,6,27,Control,0.01337125,67.86342059,77.53251058,9.669089988,0.142478671,398.195965,5.135858004,Whitening,tap
50,6,36,Control,0.0148213,70.23187526,71.07565803,0.843782766,0.012014242,326.7034711,4.596559219,Stripe/Burst,tap
50,6,37,Control,0.023793731,57.51042385,72.81695103,9.669089988,0.266152224,439.4998924,6.035681063,Stripe/Burst,tap
50,6,62,Control,0.010302633,67.50174576,72.86963976,5.367893992,0.079522299,147.9264576,2.030014943,Stripe/Burst,tap
50,6,66,Control,0.026726992,60.60401545,80.5858172,19.98180175,0.329710855,565.2461798,7.014214156,Stripe/Burst,tap
51,1,13,Control,0.016239578,69.04098613,79.71899448,10.67800834,0.154661875,613.8973312,7.700766112,Whitening,tap
51,1,16,Control,0.026273,76.57031187,81.34370866,4.773396791,0.062340046,180.7387232,2.221913977,Whitening,tap
51,1,32,Control,0.028953,56.77117345,73.80935216,17.0381787,0.300120249,976.7048381,13.232806,Whitening,tap
51,1,37,Control,0.013024614,61.03905767,71.76283314,10.72377547,0.175687107,515.4143174,7.182190208,Whitening,tap
51,1,38,Control,0.024584779,56.24059821,80.69924015,24.45864195,0.434892991,1285.507189,15.92960711,Stripe/Burst,tap
51,1,43,Control,0.017522869,70.04409587,78.96748222,8.92338635,0.127396696,560.8104095,7.101789164,Whitening,tap
51,1,44,Control,0.018897358,65.36268663,65.90462943,0.541942794,0.008291318,31.24724976,0.474128298,Continuous,approximant
51,5,11,Control,0.022150942,66.37596836,76.4491814,10.07321304,0.151759941,466.7510859,6.105377158,Stripe/Burst,tap
51,5,12,Control,0.027679,65.02933917,74.92582191,9.89648274,0.152184889,509.7178654,6.80296662,Whitening,tap
51,5,21,Control,0.023914,66.59332093,74.70579905,8.112478113,0.121821198,474.6186747,6.353170447,Whitening,tap
51,5,22,Control,0.036793141,48.27596371,65.18948263,16.91351892,0.350350726,599.3480294,9.193937506,Stripe/Burst,stop
51,5,23,Control,0.00700443,70.98465454,74.27833843,3.293683881,0.046399942,178.4191867,2.402035243,Whitening,tap
51,5,25,Control,0.016691311,75.09511541,76.79984958,1.704734168,0.022700999,158.040835,2.057827402,Continuous,approximant
51,5,29,Control,0.036500026,51.47791253,69.53098886,18.05307634,0.350695579,922.0227734,13.26060205,Stripe/Burst,stop
51,5,30,Control,0.022355,69.59177833,77.51039598,7.918617646,0.113786683,399.9776526,5.160309757,Whitening,tap
51,5,33,Control,0.01737775,71.8050175,76.85523982,5.05022232,0.070332443,262.4464878,3.414815808,Continuous,approximant
51,5,41,Control,0.020843,54.86034338,73.4074586,18.54711522,0.33807873,478.1493499,6.513634432,Stripe/Burst,tap
51,5,44,Control,0.010098978,68.80914205,74.2451907,5.436048642,0.079001837,266.8683582,3.594419459,Stripe/Burst,tap
51,6,3,Control,0.012211076,66.11500856,71.91825009,5.803241529,0.087774949,251.3374747,3.494766272,Whitening,tap
51,6,11,Control,0.022591,69.56474429,74.98224202,5.417497725,0.077877059,316.4957878,4.220943243,Whitening,tap
51,6,27,Control,0.02345,71.41964057,78.69374654,7.27410597,0.101850218,463.311257,5.887523182,Whitening,tap
51,6,36,Control,0.013518,56.57976179,72.11069757,15.53093577,0.274496309,519.1448223,7.19927611,Whitening,tap
51,6,37,Control,0.026489,54.22692279,73.57953086,19.35260808,0.356881916,553.9736112,7.528909259,Whitening,tap
51,6,62,Control,0.024924,59.58056802,72.7438167,13.16324868,0.22093191,511.1130333,7.02620589,Whitening,tap
51,6,66,Control,0.023394,52.82133964,69.64792392,16.82658429,0.318556561,668.3207317,9.595702126,Stripe/Burst,tap