Partic,Session,Token,Group #,Duration,I-min,I-max,RI,RI%,MaxRisingVelocity,WMRV,Newest,,,,,,,,,,,
1,1,13,2,0.009989001862,61.88846566,77.77681692,15.88835126,0.2567255642,919.3043545,11.81977344,tap,,,,,,,,,,,
1,1,16,2,0.01573632207,59.38376872,67.50580354,8.122034819,0.1367719664,293.196599,4.34327989,tap,,,,,,,,,,,
1,1,23,2,0.01793274549,55.88479567,66.94805568,11.06326002,0.1979654731,755.0379976,11.27796752,tap,,,,,,,,,,,
1,1,32,2,0.01301920835,66.05757104,75.50823583,9.450664792,0.143067095,209.8373093,2.778998966,tap,,,,,,,,,,,
1,1,37,2,0.01712448954,59.94862211,71.97089449,12.02227238,0.200542931,660.6553693,9.17947976,tap,,,,,,,,,,,
1,1,38,2,0.02952636771,53.75482556,77.5133425,23.75851694,0.4419792398,1056.46915,13.62951352,tap,,,,,,,,,,,
1,1,43,2,0.01365324514,65.61115494,75.22856896,9.617414022,0.1465819956,583.9776197,7.762710733,tap,,,,,,,,,,,
1,1,44,2,0.01901915429,55.83988703,78.00427339,22.16438636,0.3969274929,838.7176547,10.75220136,tap,,,,,,,,,,,
1,5,12,2,0.02563337274,39.87997877,53.42961144,13.54963268,0.3397602781,615.1363313,11.51302274,tap,,,,,,,,,,,
1,5,18,2,0.01787303857,58.05572243,69.48842745,11.43270502,0.1969264103,412.6308038,5.938122633,tap,,,,,,,,,,,
1,5,21,2,0.02301161981,44.06070745,73.29038971,29.22968226,0.6633956637,1108.715864,15.12771141,tap,,,,,,,,,,,
1,5,22,2,0.01883546079,49.67095918,66.2355243,16.56456513,0.3334859121,898.6761762,13.56788801,tap,,,,,,,,,,,
1,5,23,2,0.01590550022,66.72751803,75.91559751,9.188079476,0.1376955077,547.3099367,7.209453059,tap,,,,,,,,,,,
1,5,25,2,0.0120688152,64.41316005,78.97428304,14.56112299,0.2260581995,572.8532048,7.253667684,tap,,,,,,,,,,,
1,5,29,2,0.04330554783,28.69357411,55.96642126,27.27284715,0.9504862326,1123.652513,20.07726219,stop,,,,,,,,,,,
1,5,30,2,0.01269529509,63.72076993,68.75170349,5.030933559,0.07895280557,292.2247806,4.250436946,tap,,,,,,,,,,,
1,5,33,2,0.009875703332,74.8759068,79.76062735,4.884720551,0.06523754783,322.8335787,4.047530585,tap,,,,,,,,,,,
1,5,41,2,0.03870904537,46.13727063,72.50644702,26.36917639,0.5715374149,1406.519921,19.39854976,stop,,,,,,,,,,,
1,5,44,2,0.01177280777,71.2437516,74.81665494,3.572903337,0.05015040978,365.3364319,4.883089631,tap,,,,,,,,,,,
1,6,3,2,0.01820311404,68.32592046,76.25859237,7.932671912,0.1161004763,223.7197721,2.933699209,tap,,,,,,,,,,,
1,6,11,2,0.01967571803,65.86762232,75.02082944,9.153207122,0.138963679,277.0150194,3.692508087,tap,,,,,,,,,,,
1,6,27,2,0.01788769937,68.18801645,77.15120502,8.963188579,0.1314481495,394.6298304,5.115018362,tap,,,,,,,,,,,
1,6,36,2,0.03426808496,63.36347632,77.2474408,13.88396448,0.2191162052,435.4196255,5.636686743,fricative,,,,,,,,,,,
1,6,37,2,0.03791860542,70.73866269,80.14435439,9.405691704,0.1329639457,142.1840581,1.774099488,fricative,,,,,,,,,,,
1,6,42,2,0.05364025998,52.0089094,72.77022051,20.76131111,0.3991875883,779.7173381,10.71478598,stop,,,,,,,,,,,
1,6,62,2,0.02071094474,71.99047407,84.18027043,12.18979636,0.1693251297,330.1860798,3.922368961,fricative,,,,,,,,,,,
1,6,66,2,0.01948644016,65.76775046,82.3224014,16.55465094,0.2517138084,510.0570638,6.19584773,tap,,,,,,,,,,,
3,1,23,3,0.0490321902,51.95907063,73.40537287,21.44630224,0.4127537691,778.2933009,10.60267485,stop,,,,,,,,,,,
3,1,32,3,0.03902266973,46.05658124,81.90673398,35.85015274,0.7783937013,1103.489796,13.47251614,stop,,,,,,,,,,,
3,1,37,3,0.03338612244,54.14598689,72.3857152,18.23972831,0.336862053,981.8468423,13.56409672,stop,,,,,,,,,,,
3,1,38,3,0.05536641251,50.24491308,73.5850553,23.34014222,0.4645274674,735.5593941,9.996043233,stop,,,,,,,,,,,
3,1,43,3,0.03547658253,50.67917797,76.40273894,25.72356097,0.5075765234,1079.705211,14.13176054,stop,,,,,,,,,,,
3,1,44,3,0.03484367329,43.05283028,73.96595076,30.91312048,0.7180276017,852.0848126,11.51996025,stop,,,,,,,,,,,
3,5,11,3,0.04388861553,40.84932869,60.45752356,19.60819487,0.4800126586,1014.870924,16.78651165,stop,,,,,,,,,,,
3,5,12,3,0.04020581051,35.67616939,59.71186654,24.03569715,0.6737185512,1701.850243,28.5010391,stop,,,,,,,,,,,
3,5,21,3,0.0442498183,31.44551097,51.0513775,19.60586652,0.6234869754,1687.459191,33.05413632,stop,,,,,,,,,,,
3,5,22,3,0.04276950918,33.53195518,47.67545012,14.14349494,0.4217915379,544.385298,11.41856651,stop,,,,,,,,,,,
3,5,23,3,0.03810783168,37.80117677,59.92694796,22.12577119,0.5853196404,1550.82816,25.87864412,stop,,,,,,,,,,,
3,5,25,3,0.04448471625,35.50107085,62.57302976,27.0719589,0.7625673889,1239.427046,19.80768792,stop,,,,,,,,,,,
3,5,29,3,0.03110661309,38.29321512,62.93866353,24.64544842,0.6435983069,1085.571042,17.24807903,stop,,,,,,,,,,,
3,5,30,3,0.03286875741,43.61285298,50.52247676,6.909623782,0.1584309054,764.268846,15.12730363,fricative,,,,,,,,,,,
3,5,33,3,0.05308508774,32.60889003,52.89746468,20.28857465,0.6221792471,958.5172076,18.12028636,stop,,,,,,,,,,,
3,5,41,3,0.04813762285,31.8475114,59.08817347,27.24066207,0.8553466461,1551.978645,26.26546995,stop,,,,,,,,,,,
3,5,44,3,0.04143609711,38.75516192,58.51224817,19.75708625,0.5097923805,1274.037554,21.77386093,stop,,,,,,,,,,,
3,6,3,3,0.04690069499,53.24116072,63.61212386,10.37096314,0.1947922058,835.2721561,13.13070694,fricative,,,,,,,,,,,
3,6,6,3,0.06397249372,40.6162175,63.81671041,23.20049291,0.5712125437,1000.900213,15.68398319,stop,,,,,,,,,,,
3,6,11,3,0.02342667895,43.89724435,65.56916031,21.67191596,0.4936965015,715.0693802,10.90557477,tap,,,,,,,,,,,
3,6,27,3,0.02857421699,44.92755188,63.48306487,18.55551298,0.4130096613,575.0912143,9.058970537,tap,,,,,,,,,,,
3,6,37,3,0.01467215376,48.970675,69.71994201,20.74926701,0.4237080051,583.3573967,8.367152637,tap,,,,,,,,,,,
3,6,42,3,0.04441882648,30.41568904,60.79248508,30.37679603,0.9987212847,1590.4364,26.16172702,stop,,,,,,,,,,,
3,6,60,3,0.04647506187,38.10255599,61.2642891,23.16173311,0.6078787237,1210.706897,19.7620329,stop,,,,,,,,,,,
3,6,62,3,0.04173300171,37.11736774,63.56496134,26.4475936,0.7125395793,1379.183821,21.69723369,stop,,,,,,,,,,,
3,6,66,3,0.04384689835,32.55717274,67.33746176,34.78028902,1.068283456,1256.7361,18.66325322,stop,,,,,,,,,,,
6,1,13,1,0.01040794518,69.03422364,79.98692524,10.9527016,0.1586561131,725.213086,9.066645378,tap,,,,,,,,,,,
6,1,16,1,0.01290712284,67.44691235,68.53413106,1.08721871,0.01611962167,88.02511289,1.284398175,tap,,,,,,,,,,,
6,1,23,1,0.01968326469,64.12147481,68.69234856,4.570873755,0.07128460112,1289.30515,18.76926873,tap,,,,,,,,,,,
6,1,32,1,0.0167404739,66.7340916,78.26924036,11.53514876,0.172852413,394.3654608,5.038575294,tap,,,,,,,,,,,
6,1,38,1,0.01991535345,66.44760026,72.46782154,6.020221278,0.09060103381,177.5615445,2.450212256,tap,,,,,,,,,,,
6,1,43,1,0.01784005292,58.78564024,69.34024515,10.55460491,0.1795439306,404.6521356,5.835747115,tap,,,,,,,,,,,
6,1,44,1,0.01619155861,64.70120715,69.31202552,4.610818372,0.0712632511,175.8159457,2.536586463,tap,,,,,,,,,,,
6,5,11,1,0.01492161946,59.46979739,68.99385321,9.524055821,0.160149458,438.2500356,6.352015654,tap,,,,,,,,,,,
6,5,12,1,0.04942783249,44.37500364,71.73404905,27.35904541,0.6165418178,1077.10708,15.01528345,stop,,,,,,,,,,,
6,5,17,1,0.02691881776,52.7427889,65.74439353,13.00160463,0.2465096159,536.2550359,8.156665643,tap,,,,,,,,,,,
6,5,18,1,0.01883851714,52.37940574,63.94907529,11.56966956,0.2208820317,638.6263716,9.986483287,tap,,,,,,,,,,,
6,5,21,1,0.0111760961,59.38786271,62.19311852,2.805255818,0.04723618076,158.4960768,2.548450384,tap,,,,,,,,,,,
6,5,23,1,0.01077915271,59.80985924,63.85004536,4.040186123,0.06755050379,198.2554128,3.105016005,tap,,,,,,,,,,,
6,5,25,1,0.04432953253,54.10966377,69.5400245,15.43036073,0.2851682981,583.983366,8.397802133,fricative,,,,,,,,,,,
6,5,29,1,0.0252655997,56.17161257,67.39970104,11.22808847,0.1998890178,574.9714981,8.530772233,tap,,,,,,,,,,,
6,5,30,1,0.01779464578,53.77323872,65.49025892,11.7170202,0.2178968662,364.1328056,5.560106367,tap,,,,,,,,,,,
6,5,33,1,0.0188823161,57.05356894,64.67047253,7.616903588,0.1335044193,315.1565148,4.873267544,tap,,,,,,,,,,,
6,5,41,1,0.01698188699,54.3956893,61.96997594,7.574286636,0.139244244,401.6688288,6.481668304,tap,,,,,,,,,,,
6,5,44,1,0.01613970229,64.33432774,72.17357141,7.839243671,0.1218516451,218.7145386,3.030396506,tap,,,,,,,,,,,
6,6,3,1,0.01591063728,64.12679313,70.06764149,5.940848353,0.09264221806,156.2261969,2.229648288,tap,,,,,,,,,,,
6,6,11,1,0.01631057871,61.03389679,64.54160602,3.507709231,0.05747149396,209.2207565,3.241641623,tap,,,,,,,,,,,
6,6,27,1,0.01760966801,60.72943119,64.69556493,3.966133737,0.06530826419,176.0174571,2.720703611,tap,,,,,,,,,,,
6,6,36,1,0.01439502943,59.60395197,62.46773726,2.863785288,0.04804690283,64.34008149,1.02997298,tap,,,,,,,,,,,
6,6,37,1,0.01870822738,58.21950388,65.18961125,6.970107374,0.1197211743,306.7638447,4.705716736,tap,,,,,,,,,,,
6,6,42,1,0.01824672906,55.9922708,66.49436455,10.50209375,0.1875632762,460.947074,6.9321224,tap,,,,,,,,,,,
6,6,62,1,0.01588574604,59.31617323,60.75457954,1.438406303,0.02424981628,81.99725213,1.349647265,tap,,,,,,,,,,,
6,6,66,1,0.0100953888,59.86575278,64.31882683,4.453074054,0.07438433239,124.5826448,1.936954559,tap,,,,,,,,,,,
7,1,13,3,0.0156938736,76.31003828,81.85717019,5.547131902,0.07269203405,213.4330507,2.607383693,tap,,,,,,,,,,,
7,1,16,3,0.01353335369,74.65374029,79.44521383,4.791473544,0.06418263205,402.0823566,5.061127502,tap,,,,,,,,,,,
7,1,23,3,0.05867259376,52.28044112,71.44578655,19.16534543,0.3665872938,666.4141467,9.327550005,stop,,,,,,,,,,,
7,1,32,3,0.01812602298,62.5846994,83.11182295,20.52712355,0.3279894886,586.0344056,7.051155717,tap,,,,,,,,,,,
7,1,37,3,0.01873343883,62.95981551,75.12513557,12.16532006,0.1932235659,458.7859263,6.106956385,tap,,,,,,,,,,,
7,1,38,3,0.03269756199,57.62618857,77.01131484,19.38512627,0.336394385,720.572699,9.356712068,stop,,,,,,,,,,,
7,1,43,3,0.01574381363,66.37731117,75.12726581,8.74995464,0.1318214686,351.3072225,4.676161427,tap,,,,,,,,,,,
7,1,44,3,0.01358727835,71.81376717,78.0992376,6.285470436,0.08752458872,326.990041,4.186853176,tap,,,,,,,,,,,
7,5,11,3,0.03047539332,59.05785125,81.13156939,22.07371814,0.3737643289,742.9260278,9.157052345,stop,,,,,,,,,,,
7,5,12,3,0.0191875815,56.17107704,72.65076915,16.4796921,0.2933839436,629.0818147,8.658983548,tap,,,,,,,,,,,
7,5,21,3,0.05130538597,55.30356273,81.78107196,26.47750922,0.4787667903,1330.858167,16.27342532,stop,,,,,,,,,,,
7,5,22,3,0.03274807805,67.2132308,75.07605514,7.862824346,0.1169832822,365.9019843,4.873750806,fricative,,,,,,,,,,,
7,5,25,3,0.01938684579,63.27979343,78.99581123,15.7160178,0.2483576028,575.4629284,7.284727119,tap,,,,,,,,,,,
7,5,29,3,0.01919592709,71.9658341,74.10081528,2.134981181,0.02966659399,121.187497,1.635440805,tap,,,,,,,,,,,
7,5,30,3,0.01518419255,64.7635489,78.60800984,13.84446094,0.2137693374,603.3477516,7.675397874,tap,,,,,,,,,,,
7,5,33,3,0.01700794298,64.89352572,82.34958767,17.45606195,0.2689954314,952.736317,11.56941211,tap,,,,,,,,,,,
7,5,41,3,0.04379814362,43.12129935,79.59265396,36.47135461,0.8457851492,1519.135308,19.08637584,stop,,,,,,,,,,,
7,5,44,3,0.03237948982,71.90803161,84.09106647,12.18303486,0.1694252309,421.9716176,5.018031467,fricative,,,,,,,,,,,
7,6,3,3,0.07119793249,51.03193439,79.78144657,28.74951218,0.5633631671,892.4657636,11.18638232,stop,,,,,,,,,,,
7,6,11,3,0.01795091647,59.5146729,71.48393512,11.96926222,0.2011144754,508.0960539,7.107835531,tap,,,,,,,,,,,
7,6,27,3,0.05189709952,52.3794107,73.13285306,20.75344236,0.3962137427,601.1563051,8.220058153,fricative,,,,,,,,,,,
7,6,36,3,0.01872421072,59.55799095,76.03208841,16.47409746,0.2766059969,410.8919864,5.404191769,tap,,,,,,,,,,,
7,6,37,3,0.04282489811,59.66039604,70.79022128,11.12982524,0.1865529896,403.2327605,5.696164713,fricative,,,,,,,,,,,
7,6,42,3,0.0447542541,55.63278513,73.32704907,17.69426394,0.3180546129,767.9946611,10.473552,stop,,,,,,,,,,,
7,6,62,3,0.03886208297,51.59618769,73.67620746,22.08001977,0.4279389767,772.8556283,10.48989429,stop,,,,,,,,,,,
7,6,66,3,0.02987359062,51.0229009,71.84542097,20.82252006,0.4081014543,722.938791,10.06241986,tap,,,,,,,,,,,
8,1,13,2,0.01184190539,60.66467491,78.97268035,18.30800544,0.3017902176,862.8535036,10.92597465,tap,,,,,,,,,,,
8,1,16,2,0.00909915865,66.8069684,71.57644583,4.769477425,0.07139191523,226.2743684,3.16129651,tap,,,,,,,,,,,
8,1,23,2,0.01571662205,66.07857327,71.79041908,5.711845809,0.08644021089,453.7891039,6.321025978,tap,,,,,,,,,,,
8,1,32,2,0.01176027978,51.44173946,72.42613199,20.98439253,0.4079254074,844.0572886,11.65404344,tap,,,,,,,,,,,
8,1,37,2,0.01943587745,49.38804815,63.44781027,14.05976212,0.2846794446,759.8354488,11.97575528,tap,,,,,,,,,,,
8,1,38,2,0.007834323059,60.44480161,68.54604357,8.101241961,0.1340271081,278.9006316,4.068807142,tap,,,,,,,,,,,
8,1,43,2,0.01575862573,57.53389231,68.22026279,10.68637048,0.1857404402,522.3425105,7.656706221,tap,,,,,,,,,,,
8,1,44,2,0.01523818022,50.21147244,61.69846828,11.48699584,0.2287723359,647.7969333,10.49940057,tap,,,,,,,,,,,
8,5,11,2,0.02308176965,65.69992787,70.53206167,4.832133809,0.07354854056,101.4601844,1.438497359,fricative,,,,,,,,,,,
8,5,12,2,0.0225004945,61.44275746,60.7922942,-0.6504632589,-0.01058649198,71.80075652,1.181083186,fricative,,,,,,,,,,,
8,5,17,2,0.04647798822,62.02951025,66.95343528,4.923925035,0.07938036291,162.956985,2.433885345,fricative,,,,,,,,,,,
8,5,18,2,0.02144107685,67.09627163,68.10850965,1.012238012,0.0150863526,75.12005032,1.102946617,fricative,,,,,,,,,,,
8,5,21,2,0.0488618909,63.1573167,65.70380168,2.546484982,0.04031971457,106.2591654,1.617245314,fricative,,,,,,,,,,,
8,5,22,2,0.05379304834,37.07972724,54.8777012,17.79797395,0.4799920408,904.1176194,16.47513652,stop,,,,,,,,,,,
8,5,23,2,0.01703702549,52.48373437,61.55263834,9.068903966,0.1727945634,411.0540024,6.678089087,tap,,,,,,,,,,,
8,5,25,2,0.04939661669,47.73609115,67.46978601,19.73369486,0.4133915112,931.6176321,13.80792333,stop,,,,,,,,,,,
8,5,29,2,0.01352788408,59.40874367,63.15398595,3.745242283,0.06304193712,288.7474397,4.572117426,tap,,,,,,,,,,,
8,5,30,2,0.01466814178,54.68030313,65.48513523,10.8048321,0.1976000769,643.1645643,9.821535254,tap,,,,,,,,,,,
8,5,33,2,0.03793733297,45.78024604,63.44971558,17.66946954,0.3859627475,875.0173458,13.79072133,stop,,,,,,,,,,,
8,5,44,2,0.01701368113,50.74345739,58.98971629,8.246258896,0.1625088104,286.4928885,4.856658186,tap,,,,,,,,,,,
8,6,3,2,0.01874184035,52.6775109,60.43376021,7.756249303,0.1472402392,164.2304089,2.717527559,tap,,,,,,,,,,,
8,6,27,2,0.0136204677,61.05798509,65.28472315,4.226738055,0.06922498423,174.4857522,2.672688858,tap,,,,,,,,,,,
8,6,36,2,0.05086166339,45.06310533,59.16694242,14.10383709,0.3129796978,422.3147108,7.137680156,fricative,,,,,,,,,,,
8,6,37,2,0.018355038,59.14580785,68.62244053,9.476632682,0.1602249259,157.8340199,2.300035072,tap,,,,,,,,,,,
8,6,42,2,0.02825808278,55.94298798,56.48261396,0.5396259706,0.009645998365,34.90999679,0.6180662393,fricative,,,,,,,,,,,
8,6,62,2,0.03371394746,51.93594672,56.05283815,4.11689143,0.07926863165,162.2358563,2.894337944,fricative,,,,,,,,,,,
8,6,66,2,0.02948303665,54.48604181,60.62422607,6.13818426,0.1126560869,205.5610359,3.390740785,fricative,,,,,,,,,,,
11,1,13,2,0.02785071048,74.12970953,78.05702281,3.927313281,0.05297893795,149.7563549,1.918550689,fricative,,,,,,,,,,,
11,1,16,2,0.02141435619,69.59989512,75.76232437,6.162429255,0.08854078364,270.1294548,3.565485312,fricative,,,,,,,,,,,
11,1,23,2,0.01671346825,58.98343293,69.34763922,10.36420629,0.1757138534,692.652816,9.988123948,tap,,,,,,,,,,,
11,1,32,2,0.02187436651,64.01410774,66.16292387,2.148816122,0.03356785243,142.5895697,2.155127999,fricative,,,,,,,,,,,
11,1,38,2,0.02141745904,51.73688926,66.30990795,14.57301869,0.2816755877,522.4397115,7.878757905,tap,,,,,,,,,,,
11,5,11,2,0.0511260228,53.89331023,69.02609624,15.13278602,0.2807915483,448.0930569,6.491647091,fricative,,,,,,,,,,,
11,5,12,2,0.02177505851,58.29469034,69.61079537,11.31610503,0.1941189664,695.22029,9.987248188,fricative,,,,,,,,,,,
11,5,21,2,0.0476329405,45.29430133,68.01530294,22.7210016,0.5016304687,1121.417131,16.48771795,stop,,,,,,,,,,,
11,5,22,2,0.03021289369,41.98363663,54.98395704,13.00032041,0.3096520801,760.6945428,13.83484536,stop,,,,,,,,,,,
11,5,23,2,0.02721882314,79.29415332,80.53026903,1.23611571,0.01558898932,45.31545655,0.5627133387,fricative,,,,,,,,,,,
11,5,25,2,0.03933119944,66.86041751,71.59387273,4.733455219,0.07079607629,162.7601614,2.27338116,fricative,,,,,,,,,,,
11,5,29,2,0.03538447009,53.76520365,69.59848294,15.83327929,0.2944893391,744.9693706,10.70381622,stop,,,,,,,,,,,
11,5,30,2,0.03624639949,68.03229178,74.1988268,6.166535024,0.09064129493,419.8115361,5.657926874,fricative,,,,,,,,,,,
11,5,33,2,0.02771449398,67.44695952,73.36470246,5.917742938,0.08773920989,248.6351039,3.389028995,fricative,,,,,,,,,,,
11,5,41,2,0.0432779288,55.69590091,70.19805152,14.50215061,0.2603809324,240.5121221,3.426193703,fricative,,,,,,,,,,,
11,5,44,2,0.02286381144,71.8458264,78.40166,6.555833591,0.09124863502,159.0687408,2.028895061,fricative,,,,,,,,,,,
11,6,3,2,0.01536456303,64.89999196,72.97076589,8.07077393,0.1243570867,278.0886309,3.810959465,tap,,,,,,,,,,,
11,6,11,2,0.03836369918,70.14527063,75.07472695,4.929456317,0.07027496327,121.3669802,1.616615672,fricative,,,,,,,,,,,
11,6,27,2,0.0150336258,71.72790298,75.43453769,3.706634717,0.05167632907,135.1193408,1.791213215,tap,,,,,,,,,,,
11,6,36,2,0.03404460134,56.9132395,69.46633399,12.55309449,0.2205654537,263.4678588,3.792741658,fricative,,,,,,,,,,,
11,6,37,2,0.02490357379,66.65269264,75.49397535,8.84128271,0.1326470449,320.273221,4.242367944,fricative,,,,,,,,,,,
11,6,42,2,0.06084617529,46.91382925,72.86046845,25.9466392,0.5530701632,937.9953089,12.87385778,stop,,,,,,,,,,,
12,1,13,2,0.01327503178,80.71875813,86.25035879,5.531600667,0.06852930838,418.7008422,4.854482324,tap,,,,,,,,,,,
12,1,16,2,0.01933388691,68.51111503,85.67189347,17.16077844,0.2504816691,754.5326056,8.807236249,tap,,,,,,,,,,,
12,1,23,2,0.0198030878,50.9250498,75.13383029,24.20878049,0.4753805953,1227.016048,16.33107275,tap,,,,,,,,,,,
12,1,32,2,0.01679071184,56.43694909,80.90558859,24.4686395,0.4335570914,1548.047434,19.13399878,tap,,,,,,,,,,,
12,1,38,2,0.01968241191,51.71527455,82.43754613,30.72227158,0.5940657156,1139.096778,13.8176939,tap,,,,,,,,,,,
12,1,43,2,0.01612936197,68.26641033,84.54146377,16.27505345,0.2384049984,1117.415791,13.21736981,tap,,,,,,,,,,,
12,1,44,2,0.01806128814,58.5700268,72.63119215,14.06116534,0.2400744222,457.6823989,6.301457892,tap,,,,,,,,,,,
12,5,11,2,0.0702709146,39.46463638,68.67203357,29.20739719,0.7400903661,1781.167808,25.93730977,stop,,,,,,,,,,,
12,5,12,2,0.06407481085,42.19971449,67.76308639,25.5633719,0.605771205,2022.599287,29.84809864,stop,,,,,,,,,,,
12,5,21,2,0.0196789679,62.43059007,65.87552482,3.444934745,0.05518023682,145.8781021,2.214450702,tap,,,,,,,,,,,
12,5,22,2,0.04327445685,27.66626699,64.12207256,36.45580557,1.317698755,1956.688551,30.51505469,stop,,,,,,,,,,,
12,5,23,2,0.01966028052,60.01425674,81.41335617,21.39909943,0.3565669324,785.6565818,9.650217346,tap,,,,,,,,,,,
12,5,25,2,0.03121432957,51.91668841,71.94593058,20.02924217,0.3857958352,1199.276043,16.66912963,stop,,,,,,,,,,,
12,5,29,2,0.06218903211,40.64908176,68.05039105,27.40130929,0.6740941763,1409.733461,20.71602292,stop,,,,,,,,,,,
12,5,30,2,0.03975550736,49.85080131,75.23534029,25.38453899,0.5092102498,1090.846039,14.4991175,stop,,,,,,,,,,,
12,5,33,2,0.05601456289,49.78803804,73.6477967,23.85975866,0.4792267298,1043.104379,14.16341596,stop,,,,,,,,,,,
12,5,41,2,0.05385776701,34.21222642,68.91940369,34.70717727,1.014467075,1731.933601,25.1298402,stop,,,,,,,,,,,
12,5,44,2,0.01579212993,64.71887306,79.35575205,14.63687899,0.2261609063,532.3525906,6.708431044,tap,,,,,,,,,,,
12,6,3,2,0.01976531389,66.72664383,76.24827914,9.521635311,0.142696152,374.9790077,4.917868468,tap,,,,,,,,,,,
12,6,11,2,0.01929362752,66.30300968,74.71513129,8.412121612,0.1268739029,210.5667951,2.818261729,tap,,,,,,,,,,,
12,6,27,2,0.01985553092,59.03173424,70.46354497,11.43181073,0.1936553428,438.8171166,6.227576497,tap,,,,,,,,,,,
12,6,36,2,0.01791927406,59.77831782,72.15690251,12.37858468,0.2070748247,356.4073325,4.939338027,tap,,,,,,,,,,,
12,6,37,2,0.0184767669,53.46981625,68.7727705,15.30295425,0.2861979958,433.4634247,6.302834997,tap,,,,,,,,,,,
12,6,42,2,0.05975629853,45.18366387,66.00138576,20.81772189,0.4607355869,775.0463069,11.7428793,stop,,,,,,,,,,,
12,6,62,2,0.04242399578,42.01778201,66.62964561,24.6118636,0.5857487575,847.15802,12.71443083,stop,,,,,,,,,,,
12,6,66,2,0.0147049546,61.1200731,64.24189388,3.121820787,0.0510768497,87.86307467,1.367691227,tap,,,,,,,,,,,
13,1,13,2,0.01760791017,51.07283216,62.78265824,11.70982607,0.2292770065,511.4761032,8.146773608,tap,,,,,,,,,,,
13,1,16,2,0.01968180718,48.74412134,58.0296313,9.285509955,0.1904949705,606.6372887,10.45392285,tap,,,,,,,,,,,
13,1,23,2,0.03574073431,47.08150976,63.29852489,16.21701513,0.3444455205,807.9866244,12.76469911,stop,,,,,,,,,,,
13,1,32,2,0.01870524432,39.85841562,58.92167748,19.06326186,0.4782744511,877.7956614,14.89766923,tap,,,,,,,,,,,
13,1,37,2,0.0199269875,43.32491882,60.89077902,17.56586021,0.4054447344,738.0542913,12.12095334,tap,,,,,,,,,,,
13,1,38,2,0.01931753179,44.23834571,48.98604103,4.74769532,0.1073208151,272.8399174,5.569748272,tap,,,,,,,,,,,
13,1,43,2,0.0164149967,58.84254501,66.86522038,8.022675364,0.1363414067,671.4788515,10.04227381,tap,,,,,,,,,,,
13,1,44,2,0.02078182139,41.77787636,55.15427746,13.37640109,0.3201790579,644.6095607,11.68739018,tap,,,,,,,,,,,
13,5,11,2,0.01876665134,60.64007578,76.75429582,16.11422003,0.2657354864,1041.507412,13.56936965,tap,,,,,,,,,,,
13,5,12,2,0.04287630323,53.2738744,79.06089505,25.78702065,0.4840462786,1486.979678,18.8080299,stop,,,,,,,,,,,
13,5,21,2,0.03083998677,52.86766378,76.65166265,23.78399888,0.4498780006,1425.629744,18.59881045,stop,,,,,,,,,,,
13,5,23,2,0.02105575673,62.76278353,81.37371274,18.61092921,0.296528104,1181.572621,14.52032334,tap,,,,,,,,,,,
13,5,25,2,0.0444720807,50.01244869,78.52962903,28.51718034,0.5702016416,1877.482526,23.90795104,stop,,,,,,,,,,,
13,5,29,2,0.02429381342,60.68343268,80.68576972,20.00233704,0.3296177582,1186.588746,14.70629518,tap,,,,,,,,,,,
13,5,30,2,0.02159269407,59.96784948,75.9336462,15.96579672,0.2662392742,856.1306415,11.27472055,tap,,,,,,,,,,,
13,5,33,2,0.04115275261,47.91317103,71.88778644,23.97461541,0.5003763035,1179.145302,16.40258186,stop,,,,,,,,,,,
13,5,41,2,0.0313073172,49.42007483,80.04699027,30.62691544,0.6197262052,1104.850612,13.80252534,stop,,,,,,,,,,,
13,5,44,2,0.02043920355,58.11697533,80.68530107,22.56832573,0.3883258824,965.5592335,11.96697813,tap,,,,,,,,,,,
13,6,3,2,0.01981734296,60.77521228,78.47056633,17.69535404,0.2911607113,580.531853,7.398084151,tap,,,,,,,,,,,
13,6,11,2,0.02811262991,62.83810637,78.40515353,15.56704716,0.2477325951,499.2598342,6.367691558,tap,,,,,,,,,,,
13,6,27,2,0.01983707895,63.59159623,75.04266871,11.45107248,0.1800721032,467.9882483,6.236295382,tap,,,,,,,,,,,
13,6,36,2,0.04495146462,51.11738124,78.1699073,27.05252606,0.5292236301,1060.282349,13.5638174,stop,,,,,,,,,,,
13,6,37,2,0.02957616275,66.87620961,74.56958194,7.693372333,0.1150390008,221.0659376,2.964559166,fricative,,,,,,,,,,,
13,6,42,2,0.03843861799,56.60024246,74.75409828,18.15385582,0.3207381281,742.0670612,9.926774295,stop,,,,,,,,,,,
13,6,62,2,0.02773832127,53.7301821,74.22991811,20.49973601,0.3815311098,742.1280225,9.99769421,tap,,,,,,,,,,,
13,6,66,2,0.02877091881,61.1322674,75.28874619,14.15647879,0.2315713026,474.7705165,6.30599579,tap,,,,,,,,,,,
14,1,13,3,0.01678411807,51.6925912,61.15070788,9.458116683,0.1829685157,494.7894448,8.091311809,tap,,,,,,,,,,,
14,1,16,3,0.01839200007,53.59902938,60.10913818,6.510108799,0.1214594532,312.7236685,5.202597775,tap,,,,,,,,,,,
14,1,23,3,0.01874079833,49.01499461,49.84612751,0.8311328986,0.01695670693,76.54288189,1.535583318,tap,,,,,,,,,,,
14,1,32,3,0.02424497678,46.19930598,55.72068669,9.521380705,0.2060935874,398.9143953,7.159179453,tap,,,,,,,,,,,
14,1,37,3,0.0116546356,53.62767789,56.6513283,3.02365041,0.05638227365,164.6157894,2.905771044,tap,,,,,,,,,,,
14,1,38,3,0.03516814348,43.22062815,55.34730419,12.12667605,0.2805761176,451.743266,8.161974148,fricative,,,,,,,,,,,
14,1,43,3,0.0131269351,55.96949838,59.25969271,3.290194327,0.05878548893,308.4557182,5.205152172,tap,,,,,,,,,,,
14,1,44,3,0.01517956171,48.18012829,52.4449569,4.264828607,0.08851841533,239.8411993,4.57319852,tap,,,,,,,,,,,
14,5,11,3,0.01967931074,54.73417833,71.38293099,16.64875266,0.3041747071,1000.670494,14.01834416,tap,,,,,,,,,,,
14,5,12,3,0.02241216323,54.47822634,62.7255184,8.247292062,0.1513869415,257.9881814,4.112970095,fricative,,,,,,,,,,,
14,5,21,3,0.01394459264,55.43983773,67.32459623,11.8847585,0.2143721733,776.7948942,11.538055,tap,,,,,,,,,,,
14,5,22,3,0.024375817,51.6546591,69.85143809,18.19677898,0.3522775932,755.764155,10.81959335,tap,,,,,,,,,,,
14,5,23,3,0.02590875194,62.49641676,73.23618641,10.73976965,0.1718461667,508.4125628,6.94209499,fricative,,,,,,,,,,,
14,5,25,3,0.01717816944,56.27776328,74.93028521,18.65252194,0.3314368029,1107.652712,14.78244355,tap,,,,,,,,,,,
14,5,29,3,0.01601910139,53.45603088,68.07206712,14.61603624,0.2734216514,604.5827137,8.881509543,tap,,,,,,,,,,,
14,5,30,3,0.02557566937,46.90970321,65.31930767,18.40960446,0.3924476856,838.24688,12.83306437,tap,,,,,,,,,,,
14,5,33,3,0.04929817977,46.97337657,68.21960228,21.2462257,0.4523035654,857.396717,12.56818698,stop,,,,,,,,,,,
14,5,41,3,0.01114369331,52.96339379,69.23976484,16.27637105,0.3073135969,505.8932729,7.306397908,tap,,,,,,,,,,,
14,5,44,3,0.02149510404,57.66832224,70.97490278,13.30658053,0.230743327,434.4129183,6.120655349,tap,,,,,,,,,,,
14,6,3,3,0.03981085724,50.83592589,69.00660802,18.17068213,0.3574378121,719.8279331,10.4312899,stop,,,,,,,,,,,
14,6,11,3,0.03572100717,57.13956311,72.09014061,14.9505775,0.2616501893,572.6699715,7.943804335,fricative,,,,,,,,,,,
14,6,27,3,0.01765907443,63.32361514,72.47326624,9.149651101,0.1444903466,335.8158632,4.633651561,tap,,,,,,,,,,,
14,6,36,3,0.03428061614,54.98002586,76.51227583,21.53224998,0.3916376837,573.8165281,7.499666189,fricative,,,,,,,,,,,
14,6,37,3,0.0197206193,60.21409082,69.26687218,9.052781362,0.1503432376,330.6365899,4.773372602,tap,,,,,,,,,,,
14,6,42,3,0.01893133218,53.87885678,65.81075911,11.93190233,0.2214579715,502.3876404,7.633822298,tap,,,,,,,,,,,
14,6,62,3,0.03026845405,54.00480924,70.51497648,16.51016724,0.3057166107,432.8871028,6.138938484,fricative,,,,,,,,,,,
14,6,66,3,0.01931927145,54.6147883,68.95012501,14.33533671,0.2624808619,426.121582,6.180142269,tap,,,,,,,,,,,
16,1,13,3,0.01912377597,81.6439325,82.4056311,0.7616986016,0.009329518781,67.09708972,0.8142294261,tap,,,,,,,,,,,
16,1,16,3,0.01787001638,71.52740904,79.71655313,8.189144092,0.114489595,365.8597032,4.589507309,tap,,,,,,,,,,,
16,1,23,3,0.01755595199,73.55628912,78.21122886,4.654939739,0.0632840481,383.8094476,4.907344549,tap,,,,,,,,,,,
16,1,32,3,0.01066375111,72.09384899,77.82743749,5.733588496,0.07952951017,210.5753573,2.705669929,tap,,,,,,,,,,,
16,1,37,3,0.01887505909,72.82094121,80.14968211,7.328740902,0.1006405682,387.3898349,4.833329649,tap,,,,,,,,,,,
16,1,38,3,0.01899897977,72.70229996,83.67429271,10.97199276,0.1509167215,487.7746112,5.829444091,tap,,,,,,,,,,,
16,1,43,3,0.01895276242,68.55066016,77.11424792,8.563587765,0.1249234908,387.2645214,5.021958093,tap,,,,,,,,,,,
16,1,44,3,0.02410614791,59.59204128,73.82985858,14.23781729,0.2389214564,501.803645,6.7967575,tap,,,,,,,,,,,
16,5,11,3,0.006335674699,67.02797925,70.97645097,3.948471729,0.05890781391,255.8586949,3.60483923,tap,,,,,,,,,,,
16,5,12,3,0.01715754146,56.64175609,69.50522958,12.8634735,0.2271023073,1216.903647,17.50808758,tap,,,,,,,,,,,
16,5,21,3,0.0198082782,58.77885108,71.75685872,12.97800764,0.2207938297,771.7521534,10.75509947,tap,,,,,,,,,,,
16,5,22,3,0.04043582485,36.52537008,73.29624421,36.77087413,1.006721467,1770.078656,24.14965017,stop,,,,,,,,,,,
16,5,23,3,0.01163562984,66.23043493,79.8239635,13.59352858,0.2052459506,987.8605306,12.37548835,tap,,,,,,,,,,,
16,5,25,3,0.0177161539,65.44085012,81.10376517,15.66291505,0.2393446146,894.3373311,11.02707537,tap,,,,,,,,,,,
16,5,29,3,0.02484852527,55.53548616,73.50151059,17.96602443,0.3235053057,1013.706525,13.79164206,tap,,,,,,,,,,,
16,5,30,3,0.02383199879,62.21595646,81.00945373,18.79349727,0.3020687672,1129.044483,13.93719413,tap,,,,,,,,,,,
16,5,33,3,0.03517231612,48.88691068,67.05394894,18.16703826,0.3716135467,563.4695716,8.40322726,fricative,,,,,,,,,,,
16,5,41,3,0.03540616625,49.10529594,81.11420359,32.00890765,0.6518422716,1750.356336,21.57891293,stop,,,,,,,,,,,
16,5,44,3,0.02415546103,82.58296373,85.86600351,3.283039781,0.03975444369,227.1142856,2.644984934,fricative,,,,,,,,,,,
16,6,3,3,0.01829479751,68.55840856,72.57092018,4.012511621,0.05852690728,351.6934267,4.846203216,tap,,,,,,,,,,,
16,6,11,3,0.0187465894,71.21390508,77.27499963,6.061094545,0.08511111051,381.6891412,4.939361282,tap,,,,,,,,,,,
16,6,27,3,0.01934406372,75.61621132,83.43732989,7.821118569,0.1034317699,424.3706067,5.086100038,tap,,,,,,,,,,,
16,6,36,3,0.01542460108,74.5619834,82.23313808,7.671154681,0.1028829214,273.6717582,3.327998476,tap,,,,,,,,,,,
16,6,37,3,0.0236835091,62.41700999,79.93071878,17.51370879,0.2805919219,767.3273466,9.599905498,tap,,,,,,,,,,,
16,6,42,3,0.01579209123,67.25087019,77.57677156,10.32590137,0.153543015,419.3993874,5.406249563,tap,,,,,,,,,,,
16,6,62,3,0.01634683976,66.64898354,82.08422234,15.43523881,0.2315900107,444.2759171,5.412439863,tap,,,,,,,,,,,
16,6,66,3,0.01248461624,70.88256968,80.44557385,9.563004173,0.1349133393,206.3531873,2.565127918,tap,,,,,,,,,,,
17,1,13,1,0.0297900201,50.12018816,72.03373831,21.91355015,0.4372200296,713.0154572,9.898354216,tap,,,,,,,,,,,
17,1,16,1,0.0185796771,48.93625538,65.25098015,16.31472478,0.333387274,756.7190861,11.59705317,tap,,,,,,,,,,,
17,1,32,1,0.02890480781,39.94004052,68.67071976,28.73067924,0.71934527,1505.825984,21.92821029,tap,,,,,,,,,,,
17,1,37,1,0.01969130478,48.88488272,56.99593089,8.111048169,0.1659213998,447.4846434,7.851168257,tap,,,,,,,,,,,
17,1,38,1,0.03160258574,45.23924414,60.36807299,15.12882885,0.3344182499,740.3267681,12.26354812,stop,,,,,,,,,,,
17,1,43,1,0.01835931661,56.68626639,68.36706891,11.68080251,0.2060605373,842.5171529,12.32343534,tap,,,,,,,,,,,
17,1,44,1,0.02255402123,43.96069906,58.43179877,14.47109971,0.3291826566,1123.401876,19.22586502,tap,,,,,,,,,,,
17,5,11,1,0.05090068044,48.88824138,72.18177992,23.29353855,0.4764650536,909.511286,12.60028898,stop,,,,,,,,,,,
17,5,12,1,0.03803113252,43.23937527,60.96345352,17.72407826,0.4099059745,640.0464814,10.49885537,stop,,,,,,,,,,,
17,5,17,1,0.04311092655,50.07965223,70.16504244,20.08539021,0.4010688835,646.761852,9.217721953,stop,,,,,,,,,,,
17,5,18,1,0.03614653113,51.28709168,64.21841557,12.93132389,0.252136034,589.0515219,9.172626211,stop,,,,,,,,,,,
17,5,21,1,0.02582062179,45.38161159,63.95951371,18.57790212,0.4093707004,718.4130301,11.23230913,tap,,,,,,,,,,,
17,5,23,1,0.01881811099,56.52483401,64.46925175,7.944417747,0.1405473875,421.1402886,6.532420916,tap,,,,,,,,,,,
17,5,29,1,0.01910508579,43.12484489,64.04565168,20.92080679,0.4851219023,472.1301246,7.371774854,tap,,,,,,,,,,,
17,5,30,1,0.01266266607,55.39243455,60.41679268,5.024358132,0.09070477175,244.355478,4.044496028,tap,,,,,,,,,,,
17,5,32,1,0.02444880775,43.82994062,55.37093755,11.54099693,0.2633130862,466.0592971,8.417038211,tap,,,,,,,,,,,
17,5,33,1,0.01939264469,52.77093884,67.01404511,14.24310626,0.269904356,505.7392322,7.546764733,tap,,,,,,,,,,,
17,5,41,1,0.02487961789,45.04170603,67.4877438,22.44603778,0.4983389787,823.5634047,12.2031551,tap,,,,,,,,,,,
17,5,44,1,0.01721302618,56.73174502,65.30913139,8.577386375,0.1511920067,277.0723496,4.242474883,tap,,,,,,,,,,,
17,6,3,1,0.0271207134,51.74227427,68.48150408,16.73922981,0.3235116749,775.8877513,11.32988771,tap,,,,,,,,,,,
17,6,11,1,0.01826218878,62.34505541,71.47019463,9.125139227,0.1463650833,477.5367513,6.681620971,tap,,,,,,,,,,,
17,6,27,1,0.01714408211,50.68034102,62.33082079,11.65047976,0.2298816371,456.4786308,7.323481787,tap,,,,,,,,,,,
17,6,36,1,0.01746994182,49.31767453,65.51380905,16.19613451,0.3284042621,420.4086425,6.417099671,tap,,,,,,,,,,,
17,6,37,1,0.01868995209,51.22093425,65.2938259,14.07289164,0.2747488278,397.5649704,6.088860086,tap,,,,,,,,,,,
17,6,42,1,0.03385713596,57.88288778,78.23737953,20.35449175,0.3516495554,601.2545493,7.685003676,fricative,,,,,,,,,,,
17,6,62,1,0.02418731236,49.54433724,65.36239299,15.81805575,0.3192707104,437.8657116,6.699046524,tap,,,,,,,,,,,
17,6,66,1,0.045232781,37.42028799,59.01847008,21.59818209,0.5771784039,624.0457881,10.57373712,stop,,,,,,,,,,,
18,1,13,3,0.01590577215,66.81726765,71.8842649,5.066997247,0.07583364937,253.1948624,3.5222571,tap,,,,,,,,,,,
18,1,16,3,0.01900259582,60.41157258,69.91602525,9.504452666,0.1573283439,474.1187903,6.781260643,tap,,,,,,,,,,,
18,1,23,3,0.01969147417,59.34227497,69.68732455,10.34504958,0.1743284966,418.6181303,6.007091433,tap,,,,,,,,,,,
18,1,32,3,0.01828381986,54.88605628,65.98822705,11.10217078,0.2022767079,335.8294132,5.08923225,tap,,,,,,,,,,,
18,1,37,3,0.01478530534,60.33684211,70.90398869,10.56714658,0.1751358906,488.0087728,6.882670239,tap,,,,,,,,,,,
18,1,38,3,0.01140535144,63.34961288,66.53513847,3.185525588,0.05028484694,164.1923402,2.467753791,tap,,,,,,,,,,,
18,1,44,3,0.01529370339,60.02893004,64.00550806,3.976578022,0.0662443595,191.4304025,2.990842637,tap,,,,,,,,,,,
18,5,11,3,0.03127791319,40.63338464,60.78316697,20.14978234,0.4958922945,1253.957191,20.63000751,stop,,,,,,,,,,,
18,5,12,3,0.03391554409,48.66042483,58.21716921,9.556744381,0.1963966491,722.1247216,12.40398204,fricative,,,,,,,,,,,
18,5,21,3,0.02959286209,40.85538611,59.92416547,19.06877936,0.4667384444,1215.415879,20.28256663,tap,,,,,,,,,,,
18,5,22,3,0.05512672196,30.38464515,51.35488164,20.9702365,0.6901590062,1986.803721,38.68772855,stop,,,,,,,,,,,
18,5,23,3,0.01839552641,60.65885398,69.81325863,9.154404647,0.150916215,521.5809834,7.471087779,tap,,,,,,,,,,,
18,5,25,3,0.02096594645,48.71027975,58.357156,9.646876245,0.1980460037,838.5905424,14.36996934,fricative,,,,,,,,,,,
18,5,29,3,0.02185170995,52.2079831,65.54795512,13.33997202,0.2555159427,826.0244775,12.60183443,tap,,,,,,,,,,,
18,5,30,3,0.01912701768,46.80924301,70.37405822,23.56481521,0.5034222666,1152.788325,16.38087037,tap,,,,,,,,,,,
18,5,33,3,0.02098000441,51.46777849,68.38965175,16.92187326,0.3287857716,1060.327864,15.50421499,tap,,,,,,,,,,,
18,5,41,3,0.04594150267,34.5401141,64.85942592,30.31931181,0.87779999,1428.867233,22.03021709,stop,,,,,,,,,,,
18,5,44,3,0.02159195605,46.19973721,63.7719848,17.57224759,0.3803538429,1281.446264,20.09418819,tap,,,,,,,,,,,
18,6,3,3,0.0442210147,42.3318769,61.16523481,18.8333579,0.4448977763,617.9336796,10.10269447,stop,,,,,,,,,,,
18,6,11,3,0.01468584996,56.27783327,61.68153562,5.403702355,0.09601830847,268.6549843,4.355517119,tap,,,,,,,,,,,
18,6,27,3,0.01969048769,51.96639039,61.33214432,9.365753927,0.1802271402,471.1971851,7.682711739,tap,,,,,,,,,,,
18,6,36,3,0.03117649622,48.21331924,59.57228886,11.35896963,0.2355981668,544.2689015,9.136276478,stop,,,,,,,,,,,
18,6,37,3,0.03214381276,51.98880029,60.5962096,8.607409302,0.1655627607,334.9068485,5.526861345,fricative,,,,,,,,,,,
18,6,42,3,0.0176794716,51.05134649,62.7192221,11.66787561,0.2285517701,437.5674439,6.976608276,tap,,,,,,,,,,,
18,6,62,3,0.01431569877,53.31127964,65.82380331,12.51252367,0.2347068717,405.8063928,6.165040189,tap,,,,,,,,,,,
18,6,66,3,0.01987826613,53.18744487,59.72046823,6.533023364,0.1228301788,262.9887671,4.403662176,tap,,,,,,,,,,,
20,1,13,2,0.01976298937,50.26950789,64.84113784,14.57162995,0.2898701531,564.8386365,8.711115432,tap,,,,,,,,,,,
20,1,23,2,0.03091053123,48.05124569,56.31885116,8.267605468,0.1720580882,404.9331002,7.19000995,fricative,,,,,,,,,,,
20,1,32,2,0.0174970666,47.92727526,60.69015854,12.76288328,0.2662968678,528.8613658,8.714120683,tap,,,,,,,,,,,
20,1,37,2,0.02556066167,45.82171641,62.13071918,16.30900277,0.3559229999,711.828228,11.45694493,tap,,,,,,,,,,,
20,1,38,2,0.03646817727,51.29689645,59.38496961,8.088073168,0.1576717838,261.9006479,4.410217765,fricative,,,,,,,,,,,
20,1,43,2,0.03344613532,48.36998864,66.201571,17.83158236,0.3686497116,650.3168494,9.823284245,stop,,,,,,,,,,,
20,1,44,2,0.0343818337,34.34065445,57.79482746,23.454173,0.6829856151,750.3477243,12.98295639,stop,,,,,,,,,,,
20,5,11,2,0.04241146277,45.00672394,65.03051706,20.02379312,0.444906702,1157.590692,17.80073025,stop,,,,,,,,,,,
20,5,12,2,0.04556194309,60.13015246,67.10619874,6.97604628,0.1160157757,144.6884478,2.156111514,fricative,,,,,,,,,,,
20,5,21,2,0.02607126868,55.22597932,62.04511611,6.819136791,0.1234769736,386.9207527,6.236119408,fricative,,,,,,,,,,,
20,5,23,2,0.02109951888,69.37066481,74.36951452,4.998849715,0.07205999436,189.8223276,2.552421229,fricative,,,,,,,,,,,
20,5,25,2,0.03147176426,61.39492111,63.10693086,1.712009747,0.0278852015,92.14808714,1.460189648,fricative,,,,,,,,,,,
20,5,29,2,0.03304276373,51.75284788,65.91156961,14.15872173,0.2735834318,580.356506,8.805077917,stop,,,,,,,,,,,
20,5,30,2,0.03107704201,61.96453599,71.21721658,9.252680585,0.1493221959,343.0564174,4.81704332,fricative,,,,,,,,,,,
20,5,33,2,0.03529910308,51.76935936,66.1108266,14.34146724,0.277026168,637.8023368,9.647471823,stop,,,,,,,,,,,
20,5,41,2,0.03261395631,45.76913134,71.65789998,25.88876864,0.5656381907,900.108739,12.56119338,stop,,,,,,,,,,,
20,5,44,2,0.01746226804,64.0999444,66.21072324,2.11077884,0.03292949565,112.9568331,1.706020227,tap,,,,,,,,,,,
20,6,3,2,0.01536712085,70.30299551,70.45249673,0.1495012229,0.002126527068,13.85219515,0.1966175195,tap,,,,,,,,,,,
20,6,11,2,0.036150178,52.28055049,69.18642071,16.90587022,0.323368252,497.7088083,7.193735464,fricative,,,,,,,,,,,
20,6,27,2,0.01967116529,60.84028338,68.088104,7.24782063,0.1191286468,293.6267042,4.312452352,tap,,,,,,,,,,,
20,6,36,2,0.06392816111,38.7074502,64.284679,25.5772288,0.6607830964,679.384877,10.5683794,stop,,,,,,,,,,,
20,6,37,2,0.06912184828,35.56140534,65.57722717,30.01582183,0.8440561205,899.5545266,13.71748342,stop,,,,,,,,,,,
20,6,42,2,0.05508041705,46.23992226,62.09484913,15.85492687,0.3428839431,710.298545,11.43892859,stop,,,,,,,,,,,
20,6,62,2,0.04737513186,41.83787956,68.16951458,26.33163503,0.6293730778,769.410706,11.28672708,stop,,,,,,,,,,,
20,6,66,2,0.04658303345,48.36745433,65.97652222,17.6090679,0.3640685279,275.751049,4.179532956,fricative,,,,,,,,,,,
23,1,13,2,0.02448437715,66.88135163,82.43992228,15.55857065,0.2326294292,408.1036467,4.950315762,tap,,,,,,,,,,,
23,1,16,2,0.02313063727,73.90937641,78.51938355,4.610007134,0.06237377931,111.6943818,1.422507116,fricative,,,,,,,,,,,
23,1,23,2,0.03864567911,62.04295686,80.11734524,18.07438838,0.2913205511,593.6760077,7.410080874,fricative,,,,,,,,,,,
23,1,32,2,0.02053593682,60.65007165,79.75126933,19.10119768,0.3149410571,625.7787912,7.846631113,tap,,,,,,,,,,,
23,1,38,2,0.02723498645,72.13844154,83.41734991,11.27890837,0.1563508738,259.1858768,3.107097949,fricative,,,,,,,,,,,
23,1,43,2,0.02731248624,82.15111672,83.74675538,1.59563866,0.01942321326,95.27839981,1.137696611,fricative,,,,,,,,,,,
23,1,44,2,0.02616451352,70.50767988,82.76372069,12.25604081,0.1738256149,365.6497328,4.417995346,fricative,,,,,,,,,,,
23,5,11,2,0.0306463855,66.81102807,74.08760474,7.27657667,0.108912808,240.8753998,3.251224015,fricative,,,,,,,,,,,
23,5,12,2,0.02130834445,72.75869157,72.80852217,0.04983059962,0.0006848748725,19.54075705,0.2683855745,fricative,,,,,,,,,,,
23,5,21,2,0.02893701135,58.0595184,74.59878623,16.53926783,0.284867465,567.4540024,7.60674578,tap,,,,,,,,,,,
23,5,22,2,0.03672001687,59.62171598,67.17848444,7.556768466,0.1267452361,388.6523411,5.785369293,fricative,,,,,,,,,,,
23,5,23,2,0.0237238301,68.74844866,75.30532682,6.556878156,0.09537492531,296.0136306,3.930845839,fricative,,,,,,,,,,,
23,5,25,2,0.03466572304,71.88716177,79.43018614,7.543024368,0.1049286713,150.5800123,1.895752983,fricative,,,,,,,,,,,
23,5,29,2,0.03406038775,54.74599085,75.64810085,20.90210999,0.3818016565,674.3397761,8.914166628,stop,,,,,,,,,,,
23,5,30,2,0.02175767693,76.08629544,76.12897668,0.04268123786,0.0005609582857,111.3099129,1.462122805,fricative,,,,,,,,,,,
23,5,33,2,0.02631812418,66.08728301,69.73762321,3.650340203,0.0552351381,393.2278789,5.638676238,fricative,,,,,,,,,,,
23,5,41,2,0.03662164449,71.32231214,80.53165171,9.209339563,0.1291228409,266.7436756,3.312283679,fricative,,,,,,,,,,,
23,5,44,2,0.03881258717,54.39095144,77.79346554,23.40251409,0.4302648413,1345.555527,17.29651094,stop,,,,,,,,,,,
23,6,3,2,0.03756896635,64.1137504,69.78489515,5.671144755,0.08845442234,97.75491653,1.400803373,fricative,,,,,,,,,,,
23,6,6,2,0.03848113797,56.08602258,67.73920659,11.65318401,0.2077734071,644.0675013,9.508046134,stop,,,,,,,,,,,
23,6,11,2,0.05130540523,74.6553545,77.00287373,2.347519233,0.03144475368,83.1436193,1.079746966,fricative,,,,,,,,,,,
23,6,27,2,0.02295514342,57.60580073,71.71248809,14.10668737,0.2448831053,494.8950277,6.901099667,tap,,,,,,,,,,,
23,6,36,2,0.07020899974,43.02348948,76.24924599,33.22575651,0.7722701461,1116.630196,14.64447526,stop,,,,,,,,,,,
23,6,37,2,0.02168275219,49.27939881,76.05645968,26.77706087,0.5433723121,1067.040227,14.02958054,tap,,,,,,,,,,,
23,6,42,2,0.01876340223,53.42547174,74.57515917,21.14968743,0.3958727314,1264.199493,16.9520187,tap,,,,,,,,,,,
23,6,60,2,0.05361083187,56.42301192,65.26320317,8.840191251,0.1566770534,840.7872094,12.88302088,fricative,,,,,,,,,,,
23,6,62,2,0.04336438219,65.75714553,78.53281937,12.77567383,0.1942857119,357.363867,4.55050347,fricative,,,,,,,,,,,
23,6,66,2,0.03405253675,51.5336584,77.48498508,25.95132669,0.5035801357,1069.326768,13.80043846,stop,,,,,,,,,,,
28,1,13,2,0.01947265823,53.3481027,68.81840161,15.47029891,0.2899877996,506.7316071,7.363315556,tap,,,,,,,,,,,
28,1,16,2,0.01583279446,54.80667918,67.37377464,12.56709546,0.2292986119,457.8776773,6.796081705,tap,,,,,,,,,,,
28,1,23,2,0.01684615259,52.43236341,60.03057865,7.59821524,0.1449146051,455.1241945,7.581539354,tap,,,,,,,,,,,
28,1,32,2,0.01735341146,54.01986373,63.9328195,9.912955773,0.183505753,548.9347063,8.586117594,tap,,,,,,,,,,,
28,1,37,2,0.01594379121,61.53816439,67.00070603,5.462541637,0.08876673021,208.3447732,3.109590713,tap,,,,,,,,,,,
28,1,38,2,0.01868208708,55.07492682,64.91983503,9.844908208,0.1787548123,580.9166998,8.948215896,tap,,,,,,,,,,,
28,1,43,2,0.01674064152,64.14891502,65.84140031,1.692485286,0.0263836931,158.3114985,2.404436991,tap,,,,,,,,,,,
28,1,44,2,0.01911876925,49.03393849,57.76496089,8.731022401,0.1780608018,414.2315951,7.170983736,tap,,,,,,,,,,,
28,5,11,2,0.02033405574,44.24839699,52.32868474,8.080287756,0.1826119884,661.4526693,12.64034578,fricative,,,,,,,,,,,
28,5,12,2,0.03239990509,37.99348176,53.83307109,15.83958933,0.4169028105,1261.651031,23.43635624,stop,,,,,,,,,,,
28,5,21,2,0.02231051536,53.02586882,59.01699265,5.991123835,0.1129849254,431.3290382,7.308556719,fricative,,,,,,,,,,,
28,5,22,2,0.04137594361,42.12266943,53.6786753,11.55600587,0.2743417268,810.6770102,15.10240344,stop,,,,,,,,,,,
28,5,23,2,0.02515067797,64.92762461,72.80270743,7.875082828,0.1212901731,332.9116954,4.572792786,fricative,,,,,,,,,,,
28,5,25,2,0.03320142963,49.09814519,63.08650248,13.98835729,0.2849060231,611.0897498,9.686537148,stop,,,,,,,,,,,
28,5,29,2,0.03386676182,44.3916918,55.72069243,11.32900063,0.2552054264,470.9030886,8.451134902,fricative,,,,,,,,,,,
28,5,30,2,0.02837404792,51.30813761,62.71619714,11.40805953,0.2223440581,596.4439811,9.510206426,tap,,,,,,,,,,,
28,5,33,2,0.0336689573,46.32460563,68.7920649,22.46745927,0.4850005513,880.6155711,12.80112136,stop,,,,,,,,,,,
28,5,41,2,0.02096897824,52.30900254,59.63413058,7.325128037,0.1400357048,340.0130762,5.701652273,fricative,,,,,,,,,,,
28,5,44,2,0.02293481995,61.65885308,69.38342024,7.724567153,0.1252791248,551.0075688,7.941487562,fricative,,,,,,,,,,,
28,6,3,2,0.01870490431,56.04443365,61.11159374,5.067160091,0.09041326249,273.5633284,4.476455475,tap,,,,,,,,,,,
28,6,11,2,0.01982600071,54.17164165,60.58622702,6.414585376,0.118412239,185.5158319,3.062013282,tap,,,,,,,,,,,
28,6,27,2,0.01494262204,56.72653036,57.55142063,0.8248902689,0.01454152517,75.14986496,1.305786445,tap,,,,,,,,,,,
28,6,36,2,0.01908511598,48.58133631,58.82409181,10.24275549,0.2108372529,563.9484841,9.58703257,tap,,,,,,,,,,,
28,6,37,2,0.04060016974,41.95057127,59.99096496,18.04039369,0.4300392854,526.5022742,8.776359483,stop,,,,,,,,,,,
28,6,42,2,0.01978509707,45.2891195,52.24974491,6.96062541,0.1536931053,514.6730527,9.850250055,tap,,,,,,,,,,,
28,6,62,2,0.03391858312,45.54238254,60.13151204,14.5891295,0.3203418154,553.6922885,9.208022046,stop,,,,,,,,,,,
28,6,66,2,0.03147695764,33.63104123,49.47077327,15.83973204,0.4709854783,655.0105363,13.24035371,stop,,,,,,,,,,,
31,1,13,2,0.01980869076,61.07069705,70.73233345,9.661636391,0.1582041283,391.6195169,5.536640711,tap,,,,,,,,,,,
31,1,16,2,0.01762826969,59.67951995,70.16604355,10.4865236,0.1757139403,390.9689925,5.572054126,tap,,,,,,,,,,,
31,1,23,2,0.01548495887,63.14213177,62.97214724,-0.1699845301,-0.002692093621,0,0,tap,,,,,,,,,,,
31,1,32,2,0.01960465072,52.78215571,67.89696421,15.1148085,0.2863620915,293.4346671,4.321764169,tap,,,,,,,,,,,
31,1,37,2,0.01900858199,61.09285205,65.57920999,4.486357939,0.07343507118,276.5197084,4.216575779,tap,,,,,,,,,,,
31,1,38,2,0.02704361509,47.72673186,62.62964289,14.90291103,0.3122550078,399.6579187,6.381290078,tap,,,,,,,,,,,
31,1,43,2,0.01603863499,66.94278924,72.1649953,5.222206062,0.07800998616,321.5949757,4.456384627,tap,,,,,,,,,,,
31,1,44,2,0.01901317542,51.46712716,57.84178156,6.374654409,0.1238587573,243.2411552,4.205284633,tap,,,,,,,,,,,
31,5,11,2,0.04315366895,64.5549717,64.97679623,0.4218245334,0.00653434619,39.07485472,0.6013662874,fricative,,,,,,,,,,,
31,5,21,2,0.04747268475,51.99753675,66.88763971,14.89010296,0.2863616989,566.2240084,8.465301076,fricative,,,,,,,,,,,
31,5,23,2,0.02455894748,66.84982588,69.07788498,2.228059103,0.03332931797,152.0247916,2.200773686,fricative,,,,,,,,,,,
31,5,25,2,0.03665369564,71.69071752,73.5054199,1.814702382,0.02531293374,65.54282629,0.891673381,fricative,,,,,,,,,,,
31,5,29,2,0.03987274061,60.8087951,73.95814775,13.14935264,0.2162409668,516.6626215,6.985878328,fricative,,,,,,,,,,,
31,5,30,2,0.05865237257,45.81554749,54.0173613,8.201813809,0.1790181338,607.8449814,11.25277072,fricative,,,,,,,,,,,
31,5,33,2,0.02596420551,64.36109195,64.13886809,-0.2222238581,-0.003452767058,0,0,fricative,,,,,,,,,,,
31,5,41,2,0.03132716426,55.98539603,70.69925207,14.71385604,0.2628159678,404.3112367,5.718748428,fricative,,,,,,,,,,,
31,5,44,2,0.03632412353,70.73827297,72.44455242,1.706279447,0.02412102212,48.32303907,0.6670348212,fricative,,,,,,,,,,,
31,6,3,2,0.0367703132,66.78860034,67.35734562,0.5687452806,0.008515604125,25.50307672,0.3786235412,fricative,,,,,,,,,,,
31,6,11,2,0.02375429553,65.36353674,66.82693534,1.4633986,0.02238860797,74.93285903,1.121297253,fricative,,,,,,,,,,,
31,6,27,2,0.04105830333,42.63249015,58.42616293,15.79367278,0.3704609495,542.6704707,9.288141536,stop,,,,,,,,,,,
31,6,36,2,0.03016658947,49.27388378,57.0118057,7.737921919,0.1570390098,246.2409374,4.319121881,fricative,,,,,,,,,,,
31,6,37,2,0.01659874102,44.79098816,51.39965956,6.608671399,0.1475446662,282.5343405,5.49681346,tap,,,,,,,,,,,
31,6,42,2,0.02312587502,55.73779837,57.27976255,1.541964184,0.02766460515,52.51694613,0.9168499274,fricative,,,,,,,,,,,
31,6,62,2,0.01311618776,45.4631191,55.41263494,9.949515837,0.2188480692,303.7849782,5.482233042,tap,,,,,,,,,,,
31,6,66,2,0.0196910439,49.42189487,55.05396789,5.632073025,0.1139590669,130.5851096,2.371947284,tap,,,,,,,,,,,
32,1,13,1,0.01982170882,43.3392557,64.38343151,21.04417582,0.4855684639,924.961408,14.36645091,tap,,,,,,,,,,,
32,1,37,1,0.02162867893,36.12850014,52.88596103,16.75746089,0.4638294095,742.7257286,14.04391098,tap,,,,,,,,,,,
32,1,43,1,0.01974104545,51.81366767,70.08399358,18.27032591,0.352615955,950.5463179,13.56295881,tap,,,,,,,,,,,
32,1,44,1,0.01711603188,42.96270468,60.60390461,17.64119992,0.4106166046,711.7441348,11.74419601,tap,,,,,,,,,,,
32,5,11,1,0.01821278935,47.40162944,57.36785655,9.966227102,0.2102507281,363.3994799,6.334548678,tap,,,,,,,,,,,
32,5,12,1,0.0136583315,47.31791141,49.47632561,2.158414199,0.0456151621,138.2488199,2.794241856,tap,,,,,,,,,,,
32,5,17,1,0.01605123155,40.07603713,43.23940818,3.163371054,0.07893422804,154.9159702,3.58274955,tap,,,,,,,,,,,
32,5,18,1,0.007211119573,43.27381563,49.62924205,6.355426424,0.1468654042,195.4922789,3.939054292,tap,,,,,,,,,,,
32,5,21,1,0.01657434984,48.74653131,54.10235362,5.355822318,0.1098708395,201.9188318,3.732163543,tap,,,,,,,,,,,
32,5,23,1,0.01680031713,48.86551735,60.97633989,12.11082254,0.2478398511,397.6441857,6.521286558,tap,,,,,,,,,,,
32,5,25,1,0.0159758005,51.07243019,56.24912237,5.176692186,0.1013598172,207.5921818,3.690585257,tap,,,,,,,,,,,
32,5,29,1,0.01752343537,48.15759217,51.36142976,3.203837591,0.06652819311,123.4837638,2.404211962,tap,,,,,,,,,,,
32,5,30,1,0.01575405276,52.6592092,57.06927999,4.410070799,0.08374737993,148.0327134,2.593912407,tap,,,,,,,,,,,
32,5,32,1,0.01713798027,45.25256041,46.98823928,1.73567887,0.03835537379,216.6241583,4.61017824,tap,,,,,,,,,,,
32,5,33,1,0.01063758891,51.16690736,58.73826378,7.571356415,0.1479736964,271.7230229,4.625996845,tap,,,,,,,,,,,
32,5,41,1,0.01985414837,38.04442487,47.04510245,9.000677579,0.2365833525,393.466606,8.363603978,tap,,,,,,,,,,,
32,5,44,1,0.01397554357,52.31786266,53.50696636,1.189103697,0.02272844564,64.90277163,1.212977974,tap,,,,,,,,,,,
32,6,3,1,0.02496972514,29.33538875,43.58573718,14.25034843,0.485773294,392.4831221,9.004852217,tap,,,,,,,,,,,
32,6,36,1,0.01857749717,40.78566573,52.90324958,12.11758385,0.2971039857,416.8736007,7.879924276,tap,,,,,,,,,,,
32,6,37,1,0.01765429002,41.63116696,55.46606629,13.83489933,0.3323207188,359.5858821,6.48298872,tap,,,,,,,,,,,
32,6,62,1,0.02101054024,32.0671144,44.28895863,12.22184423,0.3811332718,299.3726275,6.759531872,tap,,,,,,,,,,,
32,6,66,1,0.04703329895,24.16009905,53.818996,29.65889695,1.227598318,962.3021588,17.88034394,stop,,,,,,,,,,,
34,1,13,3,0.03782626608,59.86238876,73.10132499,13.23893623,0.2211561635,582.4403051,7.967575214,fricative,,,,,,,,,,,
34,1,16,3,0.03165748509,66.71192713,79.12629311,12.41436599,0.1860891526,561.1990352,7.092446936,fricative,,,,,,,,,,,
34,1,23,3,0.03701340735,59.93575591,63.99683851,4.061082593,0.06775725994,249.1182186,3.892664456,fricative,,,,,,,,,,,
34,1,37,3,0.01562987631,61.44959384,65.36783036,3.918236519,0.0637634242,273.3035751,4.181010347,tap,,,,,,,,,,,
34,1,38,3,0.02610165457,63.82960963,67.52781302,3.698203391,0.057938681,263.8005456,3.906546559,fricative,,,,,,,,,,,
34,1,43,3,0.03581516011,71.56054897,76.08617054,4.525621565,0.06324185086,216.3553815,2.843557246,fricative,,,,,,,,,,,
34,1,44,3,0.04375914891,51.76238353,64.693025,12.93064146,0.2498076901,513.8140229,7.942340352,fricative,,,,,,,,,,,
34,5,11,3,0.0387342709,60.33438098,70.2318146,9.897433621,0.1640430126,322.5491958,4.592636508,fricative,,,,,,,,,,,
34,5,12,3,0.03666431994,55.58254559,56.98985065,1.407305062,0.02531919054,115.605537,2.028528513,fricative,,,,,,,,,,,
34,5,21,3,0.04068412635,44.01724068,60.06024424,16.04300356,0.3644709054,735.5827921,12.24741593,stop,,,,,,,,,,,
34,5,22,3,0.03661664934,35.24946622,52.19797614,16.94850992,0.4808160728,929.8933451,17.81473946,stop,,,,,,,,,,,
34,5,23,3,0.04841447421,55.79438042,65.42466107,9.630280651,0.1726030575,301.9101626,4.614623258,fricative,,,,,,,,,,,
34,5,25,3,0.03052005064,64.46965916,68.24898381,3.779324647,0.05862175629,132.682257,1.94409132,fricative,,,,,,,,,,,
34,5,29,3,0.04027041941,51.0436413,65.37051812,14.32687681,0.2806789729,575.8524029,8.809053676,stop,,,,,,,,,,,
34,5,30,3,0.03101398512,49.65761701,59.07434533,9.41672832,0.1896331094,459.4286551,7.777126475,fricative,,,,,,,,,,,
34,5,33,3,0.03148139317,48.37221829,48.52614445,0.153926156,0.003182119023,83.12304204,1.712953769,fricative,,,,,,,,,,,
34,5,41,3,0.03735017993,44.67661418,63.32966254,18.65304836,0.4175125779,361.241334,5.704141149,fricative,,,,,,,,,,,
34,5,44,3,0.034785006,58.59034546,64.26227485,5.671929394,0.0968065532,210.6536954,3.278030476,fricative,,,,,,,,,,,
34,6,3,3,0.01725769541,62.54091546,67.08723639,4.546320937,0.07269354636,238.1025396,3.549148129,tap,,,,,,,,,,,
34,6,6,3,0.0269503788,53.74518951,62.33565934,8.590469833,0.1598369996,863.1139939,13.84623188,fricative,,,,,,,,,,,
34,6,11,3,0.02236095053,58.37905694,71.0651213,12.68606437,0.2173050583,543.8017851,7.652161498,tap,,,,,,,,,,,
34,6,27,3,0.01564983213,56.94447682,69.52104419,12.57656737,0.2208566672,505.9178292,7.277189735,tap,,,,,,,,,,,
34,6,36,3,0.04893591219,51.60038883,63.47791158,11.87752275,0.230182815,250.0305177,3.938858596,fricative,,,,,,,,,,,
34,6,37,3,0.04030961008,52.68073672,61.88520919,9.204472469,0.1747217872,211.9677769,3.425176705,fricative,,,,,,,,,,,
34,6,42,3,0.03844732737,62.4917145,69.85547946,7.363764957,0.1178358606,182.427614,2.611500421,fricative,,,,,,,,,,,
34,6,60,3,0.04928810792,56.02534552,67.29655594,11.27121041,0.2011805605,623.1941692,9.260416978,stop,,,,,,,,,,,
34,6,62,3,0.02558236537,43.13472495,63.31044246,20.17571751,0.4677372472,770.0053627,12.16237532,tap,,,,,,,,,,,
34,6,66,3,0.02730285072,51.36044306,66.64867458,15.28823152,0.2976654913,474.8638437,7.124880528,tap,,,,,,,,,,,
35,1,13,3,0.01576854563,70.97156718,85.02189363,14.05032646,0.1979712019,700.2545406,8.236167305,tap,,,,,,,,,,,
35,1,16,3,0.01648625957,63.01190483,83.4030029,20.39109806,0.3236070727,1461.320494,17.5211976,tap,,,,,,,,,,,
35,1,23,3,0.01849522839,53.06332414,69.09352701,16.03020288,0.3020957156,925.511185,13.39504907,tap,,,,,,,,,,,
35,1,32,3,0.02384786352,48.75792556,71.0662752,22.30834964,0.4575327885,1000.331932,14.07604282,tap,,,,,,,,,,,
35,1,37,3,0.01298384965,60.42066725,78.23713375,17.81646649,0.294873713,875.4325873,11.18947673,tap,,,,,,,,,,,
35,1,38,3,0.01971685986,51.3116706,72.2362009,20.92453031,0.4077928094,906.6293049,12.5508996,tap,,,,,,,,,,,
35,1,43,3,0.02135733319,62.38802658,80.75871454,18.37068796,0.2944585519,1125.152525,13.93227383,tap,,,,,,,,,,,
35,1,44,3,0.01928866239,55.69263978,77.67848275,21.98584297,0.3947710695,1121.864812,14.44241406,tap,,,,,,,,,,,
35,5,11,3,0.04956974404,49.912421,81.06668383,31.15426283,0.6241785553,1185.46382,14.62331706,stop,,,,,,,,,,,
35,5,12,3,0.02314930435,58.87848857,77.3602852,18.48179663,0.3138972667,1208.75132,15.62495946,tap,,,,,,,,,,,
35,5,21,3,0.02984759613,46.6037183,70.3607171,23.7569988,0.5097661659,1287.017302,18.29170246,tap,,,,,,,,,,,
35,5,22,3,0.04632189852,46.51547736,65.57868433,19.06320697,0.4098250313,1019.103062,15.54015718,stop,,,,,,,,,,,
35,5,23,3,0.01800240719,59.4748325,78.20914879,18.7343163,0.3149956967,620.2640778,7.930837855,tap,,,,,,,,,,,
35,5,25,3,0.02186918308,61.54693128,80.08058296,18.53365169,0.3011303943,1341.894843,16.75680663,tap,,,,,,,,,,,
35,5,29,3,0.02456979805,53.32569635,72.84246646,19.51677011,0.3659918471,741.6331793,10.18132987,tap,,,,,,,,,,,
35,5,30,3,0.0219257427,59.90978294,76.36480743,16.45502449,0.2746633968,1025.753627,13.43228199,tap,,,,,,,,,,,
35,5,33,3,0.02540807876,59.93253061,75.37344205,15.44091144,0.2576382355,841.7116672,11.16721811,tap,,,,,,,,,,,
35,5,41,3,0.03230107806,49.09108391,79.39293967,30.30185576,0.6172578265,880.5601669,11.09116466,stop,,,,,,,,,,,
35,5,44,3,0.02209490539,62.94175806,79.29963367,16.35787561,0.2598890803,995.573503,12.55457884,tap,,,,,,,,,,,
35,6,3,3,0.01979212153,56.5118957,69.59773995,13.08584425,0.2315591096,488.4137686,7.017667082,tap,,,,,,,,,,,
35,6,11,3,0.02345339938,61.83193678,79.08971156,17.25777479,0.2791077829,666.9713574,8.433098872,tap,,,,,,,,,,,
35,6,27,3,0.02714287685,58.44917967,72.08337736,13.63419769,0.233265852,543.2828446,7.536867229,tap,,,,,,,,,,,
35,6,36,3,0.04297097739,48.24005617,74.42305932,26.18300315,0.5427647734,834.2182908,11.20913731,stop,,,,,,,,,,,
35,6,42,3,0.01913933624,65.57826177,76.79186432,11.21360255,0.1709957271,471.4050642,6.13873707,tap,,,,,,,,,,,
35,6,62,3,0.01957451429,53.66297288,75.63876593,21.97579305,0.4095150132,769.9673776,10.17953384,tap,,,,,,,,,,,
35,6,66,3,0.03644437698,52.75971451,83.5631447,30.80343019,0.5838437618,651.4404824,7.795787062,fricative,,,,,,,,,,,
39,1,13,3,0.02291222806,44.83306562,68.02844138,23.19537576,0.5173720656,1072.312201,15.76270423,tap,,,,,,,,,,,
39,1,16,3,0.01768554883,51.92654396,62.10012205,10.17357808,0.1959224956,764.8636689,12.31662103,tap,,,,,,,,,,,
39,1,23,3,0.01966160342,45.54966674,62.82545165,17.27578491,0.3792735743,412.7691742,6.570094815,tap,,,,,,,,,,,
39,1,32,3,0.02314638339,41.30524537,64.41063896,23.10539359,0.5593815842,862.1821576,13.38571037,tap,,,,,,,,,,,
39,1,37,3,0.02217725909,45.67170126,60.71487567,15.04317442,0.3293762659,700.0979333,11.53091274,tap,,,,,,,,,,,
39,1,38,3,0.01857303706,43.22827816,54.64451697,11.41623881,0.2640919162,296.4865933,5.425733627,tap,,,,,,,,,,,
39,1,43,3,0.03614239153,47.31464677,65.53223961,18.21759284,0.3850307269,1025.170434,15.64375702,stop,,,,,,,,,,,
39,1,44,3,0.01866857807,44.6443388,49.27848004,4.634141232,0.1038013185,241.9924264,4.910712064,tap,,,,,,,,,,,
39,5,11,3,0.04076452297,48.95274578,73.04779272,24.09504695,0.4922103258,1241.262651,16.99247307,stop,,,,,,,,,,,
39,5,12,3,0.04179911644,44.48924976,58.74183496,14.2525852,0.3203602055,740.7211262,12.60977167,stop,,,,,,,,,,,
39,5,21,3,0.0266316132,53.90892461,70.05727057,16.14834596,0.2995486569,702.629129,10.02935346,tap,,,,,,,,,,,
39,5,22,3,0.03654763261,50.67787893,61.52333912,10.84546019,0.2140077765,666.5983287,10.8348854,stop,,,,,,,,,,,
39,5,23,3,0.02425347932,59.6469645,72.15671124,12.50974673,0.2097298134,539.2546375,7.473381591,tap,,,,,,,,,,,
39,5,25,3,0.04701075271,46.46353161,72.26060734,25.79707573,0.5552112556,1263.936083,17.49135704,stop,,,,,,,,,,,
39,5,29,3,0.0343225324,60.99927457,68.65585901,7.656584442,0.1255192705,416.0350013,6.059715913,fricative,,,,,,,,,,,
39,5,30,3,0.02300269843,56.59252462,73.81587198,17.22334736,0.3043396187,803.8582661,10.89004634,tap,,,,,,,,,,,
39,5,33,3,0.02187875778,54.52082647,64.37662011,9.855793647,0.180771171,731.2387981,11.35876343,fricative,,,,,,,,,,,
39,5,41,3,0.04446462588,43.27115445,73.37699707,30.10584262,0.6957485421,983.007013,13.39666452,stop,,,,,,,,,,,
39,5,44,3,0.03319546906,51.97233257,68.61412697,16.6417944,0.3202048778,581.0724518,8.468699923,fricative,,,,,,,,,,,
39,6,3,3,0.01571290433,61.34299406,67.90742855,6.564434493,0.1070119676,268.5502103,3.954651442,tap,,,,,,,,,,,
39,6,11,3,0.03599923426,53.0724887,73.77723105,20.70474235,0.390121942,678.256512,9.193303982,stop,,,,,,,,,,,
39,6,27,3,0.0321319671,64.48044907,78.17551014,13.69506107,0.2123909072,492.6440989,6.301770183,fricative,,,,,,,,,,,
39,6,36,3,0.01627685988,51.48095184,59.00690807,7.525956228,0.1461891429,330.3216432,5.59801647,tap,,,,,,,,,,,
39,6,37,3,0.01998294465,58.6365884,71.20636309,12.56977469,0.2143674288,377.1055291,5.295952676,tap,,,,,,,,,,,
39,6,42,3,0.03469707749,60.31552087,72.64672636,12.33120549,0.2044449806,417.9167403,5.752726395,fricative,,,,,,,,,,,
39,6,62,3,0.01918140452,54.69044299,62.92547964,8.235036654,0.1505754242,253.5326778,4.029094085,tap,,,,,,,,,,,
39,6,66,3,0.01530798863,61.51282192,75.16822921,13.65540729,0.2219928604,289.3047102,3.848763144,tap,,,,,,,,,,,
40,1,13,3,0.03216769497,54.68230743,74.01498417,19.33267675,0.3535453724,603.8496919,8.15847897,fricative,,,,,,,,,,,
40,1,16,3,0.01965818007,66.31158415,76.39358349,10.08199934,0.1520397902,285.5991119,3.738522254,tap,,,,,,,,,,,
40,1,23,3,0.04459020298,45.92575796,64.89694118,18.97118322,0.4130837261,625.683437,9.641185326,stop,,,,,,,,,,,
40,1,32,3,0.03006318865,52.41596792,73.56116774,21.14519982,0.4034114157,610.4914362,8.299099307,fricative,,,,,,,,,,,
40,1,37,3,0.03912879585,50.92547294,64.27344731,13.34797436,0.2621080099,341.8187699,5.318195681,fricative,,,,,,,,,,,
40,1,38,3,0.02162439885,62.37598016,73.85638557,11.48040541,0.1840517036,350.9746254,4.752122957,fricative,,,,,,,,,,,
40,1,43,3,0.03193498405,56.36676223,73.54164664,17.1748844,0.3046987927,592.9475495,8.062745079,fricative,,,,,,,,,,,
40,1,44,3,0.02672181905,47.11052624,59.01361876,11.90309252,0.2526631196,392.7999687,6.656090186,tap,,,,,,,,,,,
40,5,11,3,0.04195408424,54.01242773,68.09953864,14.08711092,0.2608124002,577.0668818,8.473873586,fricative,,,,,,,,,,,
40,5,12,3,0.02619217767,56.9455147,61.08821435,4.142699652,0.07274848025,179.3694522,2.936236623,fricative,,,,,,,,,,,
40,5,21,3,0.04199524,56.53700573,69.86127855,13.32427282,0.2356734788,582.8200965,8.342534069,fricative,,,,,,,,,,,
40,5,22,3,0.06363103738,45.06860162,64.87557855,19.80697693,0.4394850565,1588.730954,24.48889073,stop,,,,,,,,,,,
40,5,23,3,0.04275878982,56.53705694,69.86126515,13.32420821,0.2356721226,566.5292935,8.109347752,fricative,,,,,,,,,,,
40,5,25,3,0.04454229193,63.46777406,67.5671515,4.099377434,0.06458990401,169.9325366,2.515017029,fricative,,,,,,,,,,,
40,5,29,3,0.03326003157,58.45192617,70.15514323,11.70321706,0.2002195278,664.9086351,9.477689082,stop,,,,,,,,,,,
40,5,30,3,0.02933928942,67.76183455,75.00651093,7.244676384,0.1069138171,279.7259483,3.729355557,fricative,,,,,,,,,,,
40,5,33,3,0.03900241714,61.59160869,69.78739834,8.195789649,0.13306666,375.2160415,5.376558668,fricative,,,,,,,,,,,
40,5,41,3,0.04880699149,56.14659784,73.62626724,17.47966941,0.3113219693,696.2552734,9.456615138,stop,,,,,,,,,,,
40,5,44,3,0.03308813944,64.41672113,77.85503137,13.43831023,0.2086152477,459.7400674,5.905078443,fricative,,,,,,,,,,,
40,6,3,3,0.0183434544,62.8639004,77.066428,14.20252759,0.2259250143,402.0635846,5.217104192,tap,,,,,,,,,,,
40,6,27,3,0.01991470595,65.54043195,79.94956247,14.40913052,0.2198510155,316.207562,3.955088086,tap,,,,,,,,,,,
40,6,36,3,0.04804368832,51.81621405,72.9155368,21.09932275,0.4071953757,498.8155078,6.841004396,fricative,,,,,,,,,,,
40,6,37,3,0.03451329516,57.09856759,72.21881033,15.12024274,0.2648094931,399.9101985,5.537479732,fricative,,,,,,,,,,,
40,6,42,3,0.03686523324,58.53462887,79.49069367,20.95606481,0.3580114064,955.6664037,12.0223684,stop,,,,,,,,,,,
40,6,62,3,0.03112967458,58.32704172,70.53603586,12.20899414,0.2093196188,322.6021249,4.573578894,fricative,,,,,,,,,,,
40,6,66,3,0.02252875364,56.68677985,73.61531042,16.92853057,0.2986327785,260.4871884,3.538492018,tap,,,,,,,,,,,
41,1,13,3,0.01807710932,68.47375941,73.65703445,5.183275037,0.07569724638,173.3019981,2.352823452,tap,,,,,,,,,,,
41,1,16,3,0.02383813837,75.63106493,76.91573637,1.284671446,0.01698602879,97.39225647,1.266220166,fricative,,,,,,,,,,,
41,1,23,3,0.02762754939,61.7610552,68.0796499,6.3185947,0.102307104,557.0406894,8.182190864,fricative,,,,,,,,,,,
41,1,32,3,0.01612579949,68.76683179,69.26428201,0.4974502123,0.007233868412,39.33839307,0.5679463056,tap,,,,,,,,,,,
41,1,37,3,0.01652032573,59.48620304,64.85156631,5.365363268,0.09019508715,404.3904626,6.23563139,tap,,,,,,,,,,,
41,1,38,3,0.01334327528,62.29375797,66.87817946,4.584421488,0.07359359327,249.3635355,3.72862326,tap,,,,,,,,,,,
41,1,43,3,0.02070421167,58.59361712,72.67582473,14.08220761,0.2403368883,584.8105333,8.046837246,tap,,,,,,,,,,,
41,1,44,3,0.02716908773,61.35726457,67.10512617,5.747861599,0.09367858295,165.4507711,2.465545936,fricative,,,,,,,,,,,
41,5,11,3,0.0591255482,61.32498098,69.12037757,7.795396588,0.1271161681,188.0434417,2.720521043,fricative,,,,,,,,,,,
41,5,12,3,0.04682137105,67.6011959,69.64567273,2.044476838,0.03024320518,213.4585719,3.064922249,fricative,,,,,,,,,,,
41,5,21,3,0.05418216496,56.90825384,66.87175338,9.963499541,0.1750800432,306.8887264,4.589213096,fricative,,,,,,,,,,,
41,5,22,3,0.0387265045,44.11716,65.49379097,21.37663097,0.4845423179,737.9302877,11.26717933,stop,,,,,,,,,,,
41,5,23,3,0.04103616349,55.34528488,63.03964804,7.694363161,0.1390247277,345.5980483,5.482233151,fricative,,,,,,,,,,,
41,5,25,3,0.04018896132,69.23605307,71.41113493,2.175081859,0.03141545139,60.58822904,0.8484423207,fricative,,,,,,,,,,,
41,5,29,3,0.04400512175,68.14295625,71.90829615,3.765339905,0.05525648008,100.6000837,1.399005248,fricative,,,,,,,,,,,
41,5,30,3,0.03073659041,57.41910236,58.01677191,0.5976695512,0.0104088975,45.65099342,0.7868585569,fricative,,,,,,,,,,,
41,5,33,3,0.0219633632,65.46194701,65.6218634,0.1599163895,0.002442890821,67.81456123,1.033414135,fricative,,,,,,,,,,,
41,5,41,3,0.02836362515,61.89152861,67.52795288,5.636424276,0.0910693984,221.1821105,3.275415602,fricative,,,,,,,,,,,
41,5,44,3,0.05289404238,62.34075186,66.31460337,3.973851511,0.06374404209,134.8344655,2.033254497,fricative,,,,,,,,,,,
41,6,3,3,0.01863675779,60.91757913,67.33496078,6.417381642,0.1053453163,266.5231449,3.95816886,tap,,,,,,,,,,,
41,6,6,3,0.04540606472,46.68135951,68.76459591,22.08323641,0.4730632663,582.7010341,8.473852371,fricative,,,,,,,,,,,
41,6,11,3,0.0155324806,61.34539955,73.66926442,12.32386488,0.2008930575,810.0186255,10.99534021,tap,,,,,,,,,,,
41,6,27,3,,,,,,,#DIV/0!,,,,,,,,,,,,
41,6,36,3,0.04352348992,57.07818656,68.87921394,11.80102738,0.2067519676,265.4327272,3.853596928,fricative,,,,,,,,,,,
41,6,37,3,0.02935010137,52.86481391,66.13040595,13.26559204,0.2509342426,295.2170541,4.464165158,tap,,,,,,,,,,,
41,6,42,3,0.03861954063,57.58926484,63.43239344,5.843128597,0.1014621147,170.5466574,2.688636644,fricative,,,,,,,,,,,
41,6,60,3,0.02592529696,53.42772937,66.30909197,12.8813626,0.2410988217,678.0418026,10.22547259,tap,,,,,,,,,,,
41,6,62,3,0.02816094206,52.7533505,65.34437708,12.59102659,0.2386772872,315.133488,4.822656547,tap,,,,,,,,,,,
41,6,66,3,0.02726985844,56.24026447,61.97553211,5.735267639,0.1019779635,186.3516701,3.006858736,fricative,,,,,,,,,,,
42,1,13,1,0.01750067603,67.98889952,72.79737491,4.808475389,0.07072441859,253.5579457,3.48306441,tap,,,,,,,,,,,
42,1,16,1,0.01762834471,58.07337906,72.3981066,14.32472753,0.2466659899,573.778826,7.925329169,tap,,,,,,,,,,,
42,1,23,1,0.01982694805,54.75855688,70.05623794,15.29768107,0.2793660378,692.5922115,9.886231859,tap,,,,,,,,,,,
42,1,32,1,0.01665244423,56.8072301,69.1338576,12.32662751,0.2169904691,604.4682594,8.743447572,tap,,,,,,,,,,,
42,1,37,1,0.013472347,57.05275753,66.9376545,9.884896969,0.1732588817,702.6177375,10.4965993,tap,,,,,,,,,,,
42,1,38,1,0.01911965512,51.5779885,71.69763455,20.11964605,0.3900820221,803.7826084,11.21072701,tap,,,,,,,,,,,
42,1,43,1,0.01420964714,63.13492061,77.41906439,14.28414378,0.226247909,742.847253,9.59514635,tap,,,,,,,,,,,
42,1,44,1,0.01595113902,54.61907335,63.12905971,8.509986358,0.1558061285,315.1802026,4.992632617,tap,,,,,,,,,,,
42,5,11,1,0.008875038952,65.50817912,72.60919323,7.101014114,0.1083988932,184.6102777,2.542519335,tap,,,,,,,,,,,
42,5,12,1,0.01264612621,70.94353102,76.37422046,5.430689447,0.07654946644,215.8402981,2.826088394,tap,,,,,,,,,,,
42,5,17,1,0.007789559294,66.5709496,75.34151947,8.77056987,0.1317477056,264.0203693,3.50431437,tap,,,,,,,,,,,
42,5,18,1,0.005811423595,67.77141597,73.86644255,6.095026585,0.08993506331,147.2190373,1.993043556,tap,,,,,,,,,,,
42,5,21,1,0.01137606443,73.3196383,74.8011792,1.481540897,0.02020660401,81.30386698,1.086932958,tap,,,,,,,,,,,
42,5,22,1,0.01778737442,53.64718316,67.78693614,14.13975298,0.263569346,506.9247851,7.47820766,tap,,,,,,,,,,,
42,5,23,1,0.01005673191,77.82358222,81.23540396,3.411821739,0.04384046122,141.5446562,1.742401088,tap,,,,,,,,,,,
42,5,25,1,0.011520397,77.99342728,81.20988957,3.216462289,0.04124017114,188.6839079,2.323410472,tap,,,,,,,,,,,
42,5,29,1,0.01347885535,67.05887401,69.66873268,2.609858666,0.03891891572,139.6710704,2.004788447,tap,,,,,,,,,,,
42,5,30,1,0.01446331203,69.61121224,73.47489735,3.863685109,0.05550377569,274.5431364,3.736556924,tap,,,,,,,,,,,
42,5,32,1,0.01660609858,57.33343657,59.66446808,2.331031505,0.04065745304,114.0115213,1.910878032,tap,,,,,,,,,,,
42,5,33,1,0.01660588336,72.9772856,78.67125086,5.693965261,0.07802380172,209.4144459,2.661892924,tap,,,,,,,,,,,
42,5,41,1,0.009417008883,71.13369053,73.89921864,2.765528108,0.03887789439,159.9423522,2.164330762,tap,,,,,,,,,,,
42,5,44,1,0.00515879771,76.41205716,82.22595682,5.813899662,0.07608615549,210.3544783,2.558249079,tap,,,,,,,,,,,
42,6,3,1,0.01749210099,54.20446046,70.42103657,16.21657611,0.2991742004,573.1031687,8.138238183,tap,,,,,,,,,,,
42,6,11,1,0.008575535383,66.04860385,76.06058912,10.01198527,0.1515851159,251.3320856,3.304366802,tap,,,,,,,,,,,
42,6,27,1,0.01728044203,59.16009868,69.6782006,10.51810192,0.1777904729,345.7221265,4.96169711,tap,,,,,,,,,,,
42,6,36,1,0.01611129131,59.97444102,74.01525417,14.04081315,0.2341132808,468.3063278,6.327159624,tap,,,,,,,,,,,
42,6,37,1,0.01892732059,59.82997475,73.04013957,13.21016482,0.2207950926,578.3917594,7.918820567,tap,,,,,,,,,,,
42,6,42,1,0.01735562393,56.24220217,67.47379948,11.23159731,0.1997005252,498.5421857,7.388678116,tap,,,,,,,,,,,
42,6,62,1,0.01182440533,61.80743586,74.79789092,12.99045506,0.2101762494,414.7498145,5.544939962,tap,,,,,,,,,,,
42,6,66,1,0.01599177763,53.24430105,64.93794072,11.69363967,0.2196223716,341.010131,5.251323452,tap,,,,,,,,,,,
43,1,13,1,0.01673699487,78.48577972,80.91411973,2.428340009,0.03093987239,115.3299592,1.425337871,tap,,,,,,,,,,,
43,1,16,1,0.01549101939,74.05089716,81.4312382,7.38034104,0.0996657883,369.8027334,4.54128835,tap,,,,,,,,,,,
43,1,23,1,0.02098784731,74.8770143,75.19085289,0.3138385888,0.004191387593,39.77401167,0.5289740725,fricative,,,,,,,,,,,
43,1,32,1,0.01471069015,60.73344274,75.19810396,14.46466122,0.2381663309,478.5394935,6.363717545,tap,,,,,,,,,,,
43,1,37,1,0.01923722565,53.58497026,70.76504168,17.18007142,0.3206136224,608.461331,8.598332122,tap,,,,,,,,,,,
43,1,38,1,0.01932039531,58.83911128,78.90519262,20.06608134,0.3410330459,1114.716561,14.12729028,tap,,,,,,,,,,,
43,1,43,1,0.0184756346,68.28347592,76.47395778,8.190481859,0.1199482268,478.0952305,6.251739081,tap,,,,,,,,,,,
43,5,11,1,0.02243924335,64.97770152,75.49563099,10.51792947,0.1618698295,403.9515417,5.350661176,tap,,,,,,,,,,,
43,5,12,1,0.03562078568,69.89909894,75.87663251,5.977533561,0.08551660395,147.0425557,1.937916204,fricative,,,,,,,,,,,
43,5,18,1,0.05114541653,66.52249481,73.16501215,6.642517332,0.09985370138,234.6154334,3.206661579,fricative,,,,,,,,,,,
43,5,21,1,0.01601385855,64.8740447,68.26634139,3.392296681,0.05229050688,194.7128399,2.852252457,tap,,,,,,,,,,,
43,5,22,1,0.0280547726,52.79000594,64.43172695,11.64172101,0.2205288824,418.3992194,6.493683147,tap,,,,,,,,,,,
43,5,23,1,0.01510959426,70.61656019,76.51279068,5.896230493,0.08349642743,229.8836204,3.004512296,tap,,,,,,,,,,,
43,5,25,1,0.03539273479,72.99917351,75.17857388,2.179400375,0.02985513767,92.16741629,1.225979844,fricative,,,,,,,,,,,
43,5,29,1,0.02388771446,63.28364383,74.35557392,11.0719301,0.1749572153,482.2298494,6.485456623,tap,,,,,,,,,,,
43,5,30,1,0.009444155998,74.61698683,77.04579949,2.428812661,0.03255039856,113.4397965,1.472368348,tap,,,,,,,,,,,
43,5,32,1,0.0396651543,60.92763745,71.72542875,10.7977913,0.1772232069,397.4483686,5.54124772,fricative,,,,,,,,,,,
43,5,33,1,0.01330729028,68.74508932,71.08554977,2.340460453,0.03404549293,106.5814418,1.499340473,tap,,,,,,,,,,,
43,5,41,1,0.05181678011,57.03342806,72.29369611,15.26026804,0.2675670841,396.7686402,5.488288212,fricative,,,,,,,,,,,
43,5,44,1,0.01506744683,71.33665643,77.77398432,6.437327895,0.0902387106,296.4505069,3.811692424,tap,,,,,,,,,,,
43,6,3,1,0.01914706052,55.71741107,63.34202799,7.624616916,0.136844422,219.2792025,3.461827944,tap,,,,,,,,,,,
43,6,11,1,0.01355924165,67.54181365,70.77676052,3.234946863,0.04789546931,101.8802421,1.43945896,tap,,,,,,,,,,,
43,6,27,1,0.01224100284,65.55768345,72.67576791,7.118084465,0.1085774251,348.6004139,4.796652639,tap,,,,,,,,,,,
43,6,36,1,0.01500596414,56.93385313,65.51806237,8.584209248,0.1507751325,233.1103134,3.557954936,tap,,,,,,,,,,,
43,6,37,1,0.01903374467,57.3442235,66.69854168,9.354318181,0.1631257276,221.5199311,3.321211011,tap,,,,,,,,,,,
43,6,42,1,0.04138759408,69.35572653,71.87417883,2.5184523,0.03631210321,75.65209301,1.052562885,fricative,,,,,,,,,,,
43,6,62,1,0.0177594081,62.27562327,65.18970274,2.91407947,0.04679326062,136.7536179,2.097779436,tap,,,,,,,,,,,
43,6,66,1,0.01780362339,64.07166467,72.00172667,7.930061998,0.1237686275,272.7967932,3.78875349,tap,,,,,,,,,,,
44,1,13,1,0.03403303123,50.22756501,63.35189504,13.12433004,0.261297358,577.8218735,9.120830137,stop,,,,,,,,,,,
44,1,23,1,0.03755449954,45.21693804,55.39539963,10.17846159,0.2251028494,513.6191123,9.271873038,stop,,,,,,,,,,,
44,1,32,1,0.01791101811,42.54012702,53.41576025,10.87563322,0.2556558709,470.390945,8.806220165,tap,,,,,,,,,,,
44,1,37,1,0.01846927694,59.70046834,60.70097045,1.000502106,0.01675869778,77.05852239,1.269477602,tap,,,,,,,,,,,
44,1,38,1,0.0373920432,41.44458145,62.80477785,21.3601964,0.515391775,766.8018031,12.20929091,stop,,,,,,,,,,,
44,1,43,1,0.01899329475,50.17630408,64.72096248,14.54465841,0.2898710591,611.6284627,9.450237437,tap,,,,,,,,,,,
44,5,11,1,0.04400413888,52.25153056,70.48392234,18.23239178,0.3489350758,600.5640034,8.52058148,stop,,,,,,,,,,,
44,5,12,1,0.03777906546,50.06205955,64.76465816,14.70259861,0.2936874499,442.492637,6.832316415,fricative,,,,,,,,,,,
44,5,17,1,0.01766385185,55.79297307,62.74805088,6.95507781,0.1246586698,325.9500223,5.194584018,tap,,,,,,,,,,,
44,5,21,1,0.01438807021,55.93452202,64.78785509,8.853333072,0.1582803026,375.9939503,5.80346347,tap,,,,,,,,,,,
44,5,22,1,0.02751304295,39.07288122,58.25849689,19.18561567,0.4910212677,628.9290433,10.79549039,tap,,,,,,,,,,,
44,5,23,1,0.01973612297,48.74750902,54.43275373,5.685244712,0.1166263636,224.5681169,4.125606396,tap,,,,,,,,,,,
44,5,25,1,0.01352980333,58.13550667,62.52556688,4.390060213,0.07551426768,207.449828,3.317840019,tap,,,,,,,,,,,
44,5,29,1,0.03427974215,47.26381968,62.37970508,15.1158854,0.3198193777,627.0944108,10.0528595,stop,,,,,,,,,,,
44,5,30,1,0.0193179767,58.136603,66.40153054,8.264927541,0.1421639228,337.7219301,5.08605641,tap,,,,,,,,,,,
44,5,32,1,0.01270828951,56.99496999,58.80599354,1.811023552,0.03177514703,91.06795845,1.548616951,tap,,,,,,,,,,,
44,5,33,1,0.01786436033,57.25561694,61.04782899,3.792212046,0.06623301343,145.723371,2.38703609,tap,,,,,,,,,,,
44,5,41,1,0.03230692761,42.75381995,59.41128403,16.65746408,0.3896134684,416.7910451,7.015351577,fricative,,,,,,,,,,,
44,5,44,1,0.01611834737,56.59377565,68.11737236,11.52359671,0.2036195071,425.4392947,6.245679773,tap,,,,,,,,,,,
44,6,3,1,0.01503687707,68.40803711,74.27671558,5.868678468,0.08578931242,297.4836391,4.00507261,tap,,,,,,,,,,,
44,6,11,1,0.02854195786,57.12470904,74.78196708,17.65725804,0.3091001834,537.6187438,7.189149534,tap,,,,,,,,,,,
44,6,27,1,0.01365011121,59.89030994,64.11351475,4.223204815,0.07051566137,107.3019364,1.673624303,tap,,,,,,,,,,,
44,6,37,1,0.05346166665,43.08324858,66.02142442,22.93817584,0.5324151866,665.8267276,10.08501003,stop,,,,,,,,,,,
44,6,42,1,0.01730095968,51.53874391,66.60131345,15.06256954,0.2922572107,312.1164695,4.686341054,tap,,,,,,,,,,,
44,6,66,1,0.01395505197,45.94385765,68.52018585,22.5763282,0.4913894774,694.7297801,10.13905277,tap,,,,,,,,,,,
47,1,16,3,0.01619753882,54.85483144,60.92061077,6.065779338,0.1105787618,215.4293786,3.536231431,tap,,,,,,,,,,,
47,1,23,3,0.01841014923,49.88506703,56.37067561,6.485608582,0.1300110227,358.3718036,6.357415441,tap,,,,,,,,,,,
47,1,32,3,0.01721823857,43.45498441,52.68844326,9.233458848,0.2124833083,261.7089465,4.967103416,tap,,,,,,,,,,,
47,1,38,3,0.01995600586,55.78216365,64.89116056,9.108996907,0.1632958693,282.1625694,4.348243536,tap,,,,,,,,,,,
47,1,43,3,0.01841163668,57.21371274,65.06859477,7.854882038,0.1372901995,437.9879767,6.731173129,tap,,,,,,,,,,,
47,1,44,3,0.01688319049,62.55692662,66.02637699,3.469450377,0.05546069099,196.7406109,2.979727495,tap,,,,,,,,,,,
47,5,11,3,0.02413477821,48.74527999,59.32003948,10.57475949,0.2169391476,431.3915295,7.272273134,tap,,,,,,,,,,,
47,5,12,3,0.01181440495,58.32758757,62.23628545,3.908697883,0.06701285011,358.9382336,5.767346669,tap,,,,,,,,,,,
47,5,21,3,0.0543695447,35.75213015,56.1650607,20.41293055,0.5709570442,1100.082828,19.58660446,stop,,,,,,,,,,,
47,5,22,3,0.0568195122,29.29810578,44.94112496,15.64301918,0.5339259573,1839.290067,40.92665836,stop,,,,,,,,,,,
47,5,23,3,0.006871703467,54.08423064,62.00396552,7.919734883,0.1464333465,527.0663139,8.500525886,tap,,,,,,,,,,,
47,5,25,3,0.01194613855,53.54201308,62.75101697,9.209003897,0.1719958472,571.6655975,9.11006108,tap,,,,,,,,,,,
47,5,29,3,0.04044801763,39.16578407,58.42348602,19.25770196,0.4916970876,834.036121,14.27569934,stop,,,,,,,,,,,
47,5,30,3,0.04683224411,42.6012192,59.11574649,16.51452729,0.3876538655,536.0072317,9.067080491,stop,,,,,,,,,,,
47,5,33,3,0.02044880796,58.27177667,65.62294896,7.351172296,0.1261532206,362.413006,5.522656506,fricative,,,,,,,,,,,
47,5,41,3,0.03417992404,44.18655492,61.90121017,17.71465526,0.4009060061,1114.572167,18.00566037,stop,,,,,,,,,,,
47,5,44,3,0.02283699449,50.86680004,64.70099246,13.83419242,0.2719689937,1004.784854,15.5296668,tap,,,,,,,,,,,
47,6,3,3,0.0221813749,52.62484464,65.16036555,12.53552092,0.2382053762,453.8759431,6.965521743,tap,,,,,,,,,,,
47,6,11,3,0.01596332202,57.68332271,59.99906642,2.315743708,0.0401458099,201.6498382,3.360882931,tap,,,,,,,,,,,
47,6,27,3,0.01802199207,56.89835728,59.90436741,3.006010129,0.05283122875,271.6434505,4.534618464,tap,,,,,,,,,,,
47,6,36,3,0.01513899109,50.17395197,56.46407438,6.290122407,0.1253662939,355.5155494,6.296314131,tap,,,,,,,,,,,
47,6,37,3,0.01108809549,53.25197194,63.00281362,9.750841682,0.183107617,294.083163,4.667778249,tap,,,,,,,,,,,
47,6,42,3,0.03193681858,53.5063627,64.46212404,10.95576134,0.2047562344,438.8263899,6.807507453,fricative,,,,,,,,,,,
47,6,62,3,0.0178504008,51.88649171,57.39749949,5.51100778,0.1062127656,333.5523497,5.811269702,tap,,,,,,,,,,,
47,6,66,3,0.01510800195,44.23156658,50.90935299,6.677786406,0.1509733189,338.3608722,6.64634006,tap,,,,,,,,,,,
49,1,13,3,0.01119667607,64.53374421,71.28086573,6.747121515,0.1045518371,183.8876201,2.579761317,tap,,,,,,,,,,,
49,1,16,3,0.01623280685,58.95788142,64.92862291,5.970741491,0.1012713033,262.0046676,4.035272209,tap,,,,,,,,,,,
49,1,23,3,0.0146425207,63.34026494,67.11391546,3.773650528,0.05957743517,201.336354,2.999919654,tap,,,,,,,,,,,
49,1,32,3,0.01897685716,52.30113949,63.25679763,10.95565814,0.2094726472,543.9792915,8.599538892,tap,,,,,,,,,,,
49,1,37,3,0.01952431297,54.80072116,69.41280062,14.61207947,0.2666402769,627.6659664,9.042510327,tap,,,,,,,,,,,
49,1,38,3,0.01111108479,63.22946579,68.89936632,5.669900534,0.08967180828,235.9112628,3.423997569,tap,,,,,,,,,,,
49,1,43,3,0.01210352418,64.67828105,68.31390628,3.635625235,0.05621091309,166.9249474,2.443498791,tap,,,,,,,,,,,
49,1,44,3,0.01568787466,62.52720075,66.6251022,4.097901456,0.06553790042,251.8856692,3.780642143,tap,,,,,,,,,,,
49,5,11,3,0.02235098893,56.4816111,69.08149763,12.59988653,0.2230794464,533.2431623,7.719044616,tap,,,,,,,,,,,
49,5,12,3,0.02266282676,52.96489545,68.4542303,15.48933485,0.292445302,991.7256334,14.48742655,tap,,,,,,,,,,,
49,5,21,3,0.01619138514,52.25527285,64.11071467,11.85544182,0.2268755126,723.5965725,11.28667144,tap,,,,,,,,,,,
49,5,22,3,0.03136579916,27.28155523,49.02252913,21.74097389,0.796911089,1580.821942,32.24684589,stop,,,,,,,,,,,
49,5,23,3,0.0173096061,64.52858758,66.08734602,1.558758442,0.02415609113,93.8716851,1.420418442,tap,,,,,,,,,,,
49,5,25,3,0.01662846023,58.95320144,70.23613256,11.28293112,0.1913879287,480.6604266,6.843492218,tap,,,,,,,,,,,
49,5,29,3,0.02879197672,55.93474425,63.57947837,7.644734126,0.1366723712,289.2218839,4.548981705,fricative,,,,,,,,,,,
49,5,30,3,0.02275291445,50.67965468,71.01745584,20.33780116,0.4013010998,1144.120885,16.1104178,tap,,,,,,,,,,,
49,5,33,3,0.01919174726,60.71034226,65.54926476,4.838922502,0.07970507695,169.7814264,2.590134718,tap,,,,,,,,,,,
49,5,41,3,0.028706316,39.34976604,66.89921364,27.5494476,0.7001171892,835.8190153,12.49370463,tap,,,,,,,,,,,
49,5,44,3,0.01549998815,58.03143001,68.87416274,10.84273273,0.1868424184,425.3058375,6.175114449,tap,,,,,,,,,,,
49,6,3,3,0.01969550033,56.88366615,69.24131247,12.35764632,0.2172441959,537.5210265,7.763010367,tap,,,,,,,,,,,
49,6,11,3,0.01571985655,62.40569935,68.59738468,6.19168533,0.09921666441,291.7558441,4.253162791,tap,,,,,,,,,,,
49,6,27,3,0.01542030157,57.63356146,67.75410941,10.12054796,0.1756016408,338.6207357,4.997788896,tap,,,,,,,,,,,
49,6,36,3,0.03175930932,41.19718024,62.02020923,20.82302899,0.5054479184,666.0070541,10.73854897,stop,,,,,,,,,,,
49,6,37,3,0.04272967074,43.06731783,63.06946992,20.0021521,0.4644392339,543.3476724,8.61506642,stop,,,,,,,,,,,
49,6,42,3,0.01883233172,52.23646182,65.03469508,12.79823325,0.2450057452,489.8949839,7.532825108,tap,,,,,,,,,,,
49,6,62,3,0.03858268181,45.72061345,64.77587129,19.05525784,0.4167760755,598.8119596,9.244367504,stop,,,,,,,,,,,
49,6,66,3,0.01795564741,40.31861324,59.3782606,19.05964736,0.4727257669,573.899662,9.665147752,tap,,,,,,,,,,,
50,1,13,1,0.01913338546,54.81652064,70.91147086,16.09495021,0.2936149545,861.0200863,12.14218343,tap,,,,,,,,,,,
50,1,16,1,0.01700838061,57.6253889,69.27469938,11.64931048,0.2021558674,270.0547378,3.898316994,tap,,,,,,,,,,,
50,1,32,1,0.01633276054,52.46339407,69.48200233,17.01860827,0.3243901499,999.8312131,14.38978699,tap,,,,,,,,,,,
50,1,37,1,0.01572022655,56.64357495,59.57197498,2.928400031,0.05169871487,122.9467822,2.063835926,tap,,,,,,,,,,,
50,1,38,1,0.04382008633,47.03562751,56.67707102,9.641443517,0.2049817134,490.0268216,8.645944697,stop,,,,,,,,,,,
50,1,43,1,0.01923808668,51.18873685,71.41052351,20.22178665,0.3950436736,1260.133093,17.64632202,tap,,,,,,,,,,,
50,1,44,1,0.01737526162,46.72612011,63.51564943,16.78952932,0.3593178565,672.9052102,10.5943215,tap,,,,,,,,,,,
50,5,11,1,0.03003603351,55.20104529,68.96024875,13.75920346,0.2492562122,443.7578259,6.434980064,fricative,,,,,,,,,,,
50,5,12,1,0.03691438363,50.27340463,66.73618405,16.46277942,0.3274649796,645.9427177,9.679047834,stop,,,,,,,,,,,
50,5,17,1,0.03927151279,49.58991535,63.13316141,13.54324607,0.2731048434,601.0290243,9.520021029,stop,,,,,,,,,,,
50,5,18,1,0.01231974391,56.30229835,66.07309616,9.770797817,0.1735417222,415.6701386,6.291064938,tap,,,,,,,,,,,
50,5,21,1,0.01349624887,59.30084539,66.3860716,7.085226203,0.1194793456,393.0898406,5.921269796,tap,,,,,,,,,,,
50,5,22,1,0.03774392021,38.55250555,63.10151143,24.54900588,0.6367681044,811.9211906,12.8669056,stop,,,,,,,,,,,
50,5,23,1,0.01151667459,68.79287092,74.54364836,5.750777439,0.08359554358,350.6463143,4.703905993,tap,,,,,,,,,,,
50,5,25,1,0.02195286498,58.83883021,71.27550329,12.43667307,0.2113684625,419.1621811,5.880872975,tap,,,,,,,,,,,
50,5,29,1,0.02180621489,63.60358169,75.48235576,11.87877407,0.1867626595,508.9597507,6.742764526,tap,,,,,,,,,,,
50,5,30,1,0.01933488687,59.59063487,68.58475513,8.99412026,0.1509317744,371.5664376,5.417624323,tap,,,,,,,,,,,
50,5,32,1,0.03429027842,55.33795002,66.78618426,11.44823424,0.2068785388,488.6285658,7.316312067,fricative,,,,,,,,,,,
50,5,33,1,0.01553459963,59.93793143,73.34225522,13.40432379,0.2236367434,455.0234137,6.204109928,tap,,,,,,,,,,,
50,5,41,1,0.01878859442,51.75175958,67.73804252,15.98628295,0.308903177,415.2133065,6.129691545,tap,,,,,,,,,,,
50,5,44,1,0.01191462959,67.07252673,75.62890727,8.556380542,0.1275690802,359.593783,4.754713456,tap,,,,,,,,,,,
50,6,11,1,0.0118528606,65.9627048,76.93898425,10.97627944,0.1664012941,418.4499687,5.438724891,tap,,,,,,,,,,,
50,6,27,1,0.01337124961,67.86342059,77.53251058,9.669089988,0.1424786712,398.195965,5.135858004,tap,,,,,,,,,,,
50,6,36,1,0.01482130047,70.23187526,71.07565803,0.8437827657,0.01201424229,326.7034711,4.596559219,tap,,,,,,,,,,,
50,6,37,1,0.02379373126,57.51042385,72.81695103,9.669089988,0.2661522236,439.4998924,6.035681063,tap,,,,,,,,,,,
50,6,42,1,0.01062872308,69.80202925,78.1676103,8.365581052,0.1198472472,363.270492,4.64732759,tap,,,,,,,,,,,
50,6,62,1,0.01030263346,67.50174576,72.86963976,5.367893992,0.07952229874,147.9264576,2.030014943,tap,,,,,,,,,,,
50,6,66,1,0.02672699209,60.60401545,80.5858172,19.98180175,0.329710855,565.2461798,7.014214156,tap,,,,,,,,,,,
51,1,13,1,0.01623957829,69.04098613,79.71899448,10.67800834,0.1546618747,613.8973312,7.700766112,tap,,,,,,,,,,,
51,1,16,1,0.01673254963,76.57031187,81.34370866,4.773396791,0.06234004635,180.7387232,2.221913977,tap,,,,,,,,,,,
51,1,32,1,0.02670660213,56.77117345,73.80935216,17.0381787,0.3001202488,976.7048381,13.232806,tap,,,,,,,,,,,
51,1,37,1,0.01302461353,61.03905767,71.76283314,10.72377547,0.1756871071,515.4143174,7.182190208,tap,,,,,,,,,,,
51,1,38,1,0.02458477939,56.24059821,80.69924015,24.45864195,0.4348929906,1285.507189,15.92960711,tap,,,,,,,,,,,
51,1,43,1,0.01752286946,70.04409587,78.96748222,8.92338635,0.1273966955,560.8104095,7.101789164,tap,,,,,,,,,,,
51,5,11,1,0.0221509418,66.37596836,76.4491814,10.07321304,0.151759941,466.7510859,6.105377158,tap,,,,,,,,,,,
51,5,12,1,0.01976151939,65.02933917,74.92582191,9.89648274,0.1521848886,509.7178654,6.80296662,tap,,,,,,,,,,,
51,5,17,1,0.05643312942,50.41782974,79.49365403,29.0758243,0.5766972606,1031.599881,12.97713501,stop,,,,,,,,,,,
51,5,18,1,0.03768127222,53.14952002,72.6041583,19.45463828,0.3660360108,621.8620897,8.56510294,stop,,,,,,,,,,,
51,5,21,1,0.01511049361,66.59332093,74.70579905,8.112478113,0.1218211977,474.6186747,6.353170447,tap,,,,,,,,,,,
51,5,22,1,0.03679314071,48.27596371,65.18948263,16.91351892,0.3503507257,599.3480294,9.193937506,stop,,,,,,,,,,,
51,5,23,1,0.007004430102,70.98465454,74.27833843,3.293683881,0.04639994239,178.4191867,2.402035243,tap,,,,,,,,,,,
51,5,25,1,0.01669131089,75.09511541,76.79984958,1.704734168,0.02270099937,158.040835,2.057827402,tap,,,,,,,,,,,
51,5,29,1,0.03650002569,51.47791253,69.53098886,18.05307634,0.350695579,922.0227734,13.26060205,stop,,,,,,,,,,,
51,5,30,1,0.01790285405,69.59177833,77.51039598,7.918617646,0.1137866834,399.9776526,5.160309757,tap,,,,,,,,,,,
51,5,32,1,0.03979601537,53.60780406,72.73078957,19.1229855,0.3567201798,644.4013053,8.860089505,stop,,,,,,,,,,,
51,5,33,1,0.01737775008,71.8050175,76.85523982,5.05022232,0.07033244328,262.4464878,3.414815808,tap,,,,,,,,,,,
51,5,41,1,0.03359240762,54.86034338,73.4074586,18.54711522,0.3380787301,478.1493499,6.513634432,fricative,,,,,,,,,,,
51,5,44,1,0.01009897752,68.80914205,74.2451907,5.436048642,0.07900183725,266.8683582,3.594419459,tap,,,,,,,,,,,
51,6,3,1,0.01221107632,66.11500856,71.91825009,5.803241529,0.08777494936,251.3374747,3.494766272,tap,,,,,,,,,,,
51,6,11,1,0.01785900572,69.56474429,74.98224202,5.417497725,0.07787705943,316.4957878,4.220943243,tap,,,,,,,,,,,
51,6,27,1,0.01671149703,71.41964057,78.69374654,7.27410597,0.1018502181,463.311257,5.887523182,tap,,,,,,,,,,,
51,6,36,1,0.02313821899,56.57976179,72.11069757,15.53093577,0.274496309,519.1448223,7.19927611,tap,,,,,,,,,,,
51,6,37,1,0.02660276932,54.22692279,73.57953086,19.35260808,0.3568819155,553.9736112,7.528909259,tap,,,,,,,,,,,
51,6,42,1,0.0346149624,63.25777376,81.81408158,18.55630782,0.2933443073,798.479561,9.759683732,stop,,,,,,,,,,,
51,6,62,1,0.01585595522,59.58056802,72.7438167,13.16324868,0.2209319097,511.1130333,7.02620589,tap,,,,,,,,,,,
51,6,66,1,0.02867709282,52.82133964,69.64792392,16.82658429,0.3185565607,668.3207317,9.595702126,tap,,,,,,,,,,,
,,,,,,,,,,,,,,,,,,,,,,
,,,,,,,,,,,,,,,,,,,,,,
,,,,,,,,,,,,,,,,,,,,,,
,,,,,,,,,,,,,,,,,,,,,,
,,,,,,,,,,,,,,,,,,,,,,
,,,,,,,,,,,,,,,,,,,,,,
,,,,,,,,,,,,,,,,,,,,,,
,,,,,,,,,,,,,,,,,,,,,,
,,,,,,,,,,,,,,,,,,,,,,
,,,,,,,,,,,,,,,,,,,,,,
,,,,,,,,,,,,,,,,,,,,,,"paired, within groups"